STATION_NAME,CITY,LATITUDE,LONGITUDE,EV_CONNECTOR_TYPES,EV_LEVEL1_EVSE_NUM,EV_LEVEL2_EVSE_CNUM,EV_DC_FAST_NUM,EV_PRICING,FACILITY_TYPE,EV_NETWORK,Month,POPULATION,MEDIAN_INCOME,record_count,STATE_NAME,ELECTRIC_VEHICLE_REG_COUNT,PLUG_IN_HYBRID_VEHICLE_REG_COUNT,HYBRID_ELECTRIC_REG_COUNT,TOTAL_DURATION,CHARGE_DURATION,ENERGY_KWH,NUM_PORTS,TOTAL_SESSIONS,STATE,CTYPE_J1772,CTYPE_CHAdeMO,CTYPE_Combo,EV_NETWORK_AMPUP,EV_NETWORK_Blink Network,EV_NETWORK_ChargePoint Network,EV_NETWORK_EV Connect,EV_NETWORK_Electrify America,EV_NETWORK_FLO,EV_NETWORK_LOOP,EV_NETWORK_Non-Networked,EV_NETWORK_Other,EV_NETWORK_RED_E,EV_NETWORK_SHELL_RECHARGE,EV_NETWORK_SWTCH,EV_NETWORK_Tesla,EV_NETWORK_Tesla Destination,EV_NETWORK_VIALYNK,EV_NETWORK_eVgo Network,PRICE_per_kwh_rate,PRICE_per_minute_rate,PRICE_per_hour_rate,PRICE_per_session_fee,PRICE_monthly_fee,PRICE_activation_fee_present,PRICE_parking_fee_present,PRICE_is_free,PRICE_other_or_unknown,FACILITY_TYPE_HOTEL,FACILITY_TYPE_CAR_DEALER,FACILITY_TYPE_PARKING_LOT,FACILITY_TYPE_OFFICE_BLDG,FACILITY_TYPE_PUBLIC,FACILITY_TYPE_PARKING_GARAGE,FACILITY_TYPE_MULTI_UNIT_DWELLING,FACILITY_TYPE_MUNI_GOV,FACILITY_TYPE_OTHER,FACILITY_TYPE_COLLEGE_CAMPUS,FACILITY_TYPE_SHOPPING_CENTER,FACILITY_TYPE_FED_GOV,FACILITY_TYPE_RESTAURANT,FACILITY_TYPE_GAS_STATION,FACILITY_TYPE_HOSPITAL,FACILITY_TYPE_UTILITY,FACILITY_TYPE_STREET_PARKING,FACILITY_TYPE_GROCERY,FACILITY_TYPE_INN,FACILITY_TYPE_BREWERY_DISTILLERY_WINERY,FACILITY_TYPE_clean,FACILITY_TYPE_BREWERY_DISTILLERY_WINERY,FACILITY_TYPE_CAR_DEALER,FACILITY_TYPE_COLLEGE_CAMPUS,FACILITY_TYPE_FED_GOV,FACILITY_TYPE_GAS_STATION,FACILITY_TYPE_GROCERY,FACILITY_TYPE_HOSPITAL,FACILITY_TYPE_HOTEL,FACILITY_TYPE_INN,FACILITY_TYPE_MULTI_UNIT_DWELLING,FACILITY_TYPE_MUNI_GOV,FACILITY_TYPE_OFFICE_BLDG,FACILITY_TYPE_OTHER,FACILITY_TYPE_Other,FACILITY_TYPE_PARKING_GARAGE,FACILITY_TYPE_PARKING_LOT,FACILITY_TYPE_PUBLIC,FACILITY_TYPE_RESTAURANT,FACILITY_TYPE_SHOPPING_CENTER,FACILITY_TYPE_STREET_PARKING,FACILITY_TYPE_UTILITY,season,STATE_AK,STATE_AL,STATE_AR,STATE_AZ,STATE_CA,STATE_CO,STATE_CT,STATE_DC,STATE_DE,STATE_FL,STATE_GA,STATE_HI,STATE_IA,STATE_ID,STATE_IL,STATE_IN,STATE_KS,STATE_KY,STATE_LA,STATE_MA,STATE_MD,STATE_ME,STATE_MI,STATE_MN,STATE_MO,STATE_MS,STATE_MT,STATE_NC,STATE_ND,STATE_NE,STATE_NH,STATE_NJ,STATE_NM,STATE_NV,STATE_NY,STATE_OH,STATE_OK,STATE_OR,STATE_PA,STATE_RI,STATE_SC,STATE_SD,STATE_TN,STATE_TX,STATE_UT,STATE_VA,STATE_VT,STATE_WA,STATE_WI,STATE_WV,STATE_WY,record_count_1,record_count_2,record_count_3,record_count_4,season_fall,season_spring,season_summer,season_winter,Month_1.0,Month_2.0,Month_3.0,Month_4.0,Month_5.0,Month_6.0,Month_7.0,Month_8.0,Month_9.0,Month_10.0,Month_11.0,Month_12.0,EV_PENETRATION,EV_GROWTH_RATE,EV_PER_STATION,EV_INFRASTRUCTURE_INDEX,LOG_EV_REG,ADOPTION_DEMAND_SCORE,sessions_per_port,avg_charge_time,demand_score,high_demand,low_demand
Anchorage Museum,Anchorage,61.2157121227527,-149.884839700095,"[""""J1772""""]",0.0,1.0,0.0,,MUSEUM,Non-Networked,7.0,289069.0,98152.0,1,Alaska,2700.0,900.0,10600.0,840.0316487379688,267.7132164908391,1298.1086474246722,2.0,111.6378919949375,AK,1,0,0,0,0,0,0,0,0,0,1,0,0,0,0,0,0,0,0,0,0,0,0,0,0,0,1,0,0,0,0,0,0,0,0,0,0,0,0,0,0,0,0,0,0,0,0,0,Other,0,0,0,0,0,0,0,0,0,0,0,0,0,True,0,0,0,0,0,0,0,summer,1.0,0.0,0.0,0.0,0.0,0.0,0.0,0.0,0.0,0.0,0.0,0.0,0.0,0.0,0.0,0.0,0.0,0.0,0.0,0.0,0.0,0.0,0.0,0.0,0.0,0.0,0.0,0.0,0.0,0.0,0.0,0.0,0.0,0.0,0.0,0.0,0.0,0.0,0.0,0.0,0.0,0.0,0.0,0.0,0.0,0.0,0.0,0.0,0.0,0.0,0.0,1.0,0.0,0.0,0.0,0.0,0.0,1.0,0.0,0.0,0.0,0.0,0.0,0.0,0.0,1.0,0.0,0.0,0.0,0.0,0.0,0.009340330509324764,0.0,1350.0,0.7407407407407407,7.901377353792616,0.11956378227593899,55.81894599746875,2.398049727622761,55.81894599746875,0,1
SEWARDCHAMBER SAK CHARGER,Seward,60.128085,-149.434015,"[""""J1772""""]",0.0,2.0,0.0,,RESTAURANT,ChargePoint Network,9.0,59843.0,77722.0,1,AK,2700.0,900.0,10600.0,849.8031215344921,270.70347948980145,1305.4295856987321,2.0,112.01124706878794,AK,1,0,0,0,0,1,0,0,0,0,0,0,0,0,0,0,0,0,0,0,0,0,0,0,0,0,1,0,0,0,0,0,0,0,0,0,0,0,0,0,1,0,0,0,0,0,0,0,Other,0,0,0,0,0,0,0,0,0,0,0,0,0,True,0,0,0,1,0,0,0,fall,1.0,0.0,0.0,0.0,0.0,0.0,0.0,0.0,0.0,0.0,0.0,0.0,0.0,0.0,0.0,0.0,0.0,0.0,0.0,0.0,0.0,0.0,0.0,0.0,0.0,0.0,0.0,0.0,0.0,0.0,0.0,0.0,0.0,0.0,0.0,0.0,0.0,0.0,0.0,0.0,0.0,0.0,0.0,0.0,0.0,0.0,0.0,0.0,0.0,0.0,0.0,1.0,0.0,0.0,0.0,1.0,0.0,0.0,0.0,0.0,0.0,0.0,0.0,0.0,0.0,0.0,0.0,1.0,0.0,0.0,0.0,0.04511805892084287,0.0,1350.0,0.7407407407407407,7.901377353792616,0.13745264648169805,56.00562353439397,2.4167526616640385,56.00562353439397,0,1
CHUGACHMIUT CT4025-GW1,Seward,60.12973,-149.433767,"[""""J1772""""]",0.0,2.0,0.0,,RESTAURANT,ChargePoint Network,9.0,59843.0,77722.0,1,AK,2700.0,900.0,10600.0,849.8031215344921,270.70347948980145,1305.4295856987321,2.0,112.01124706878794,AK,1,0,0,0,0,1,0,0,0,0,0,0,0,0,0,0,0,0,0,0,0,0,0,0,0,0,1,0,0,0,0,0,0,0,0,0,0,0,0,0,1,0,0,0,0,0,0,0,Other,0,0,0,0,0,0,0,0,0,0,0,0,0,True,0,0,0,1,0,0,0,fall,1.0,0.0,0.0,0.0,0.0,0.0,0.0,0.0,0.0,0.0,0.0,0.0,0.0,0.0,0.0,0.0,0.0,0.0,0.0,0.0,0.0,0.0,0.0,0.0,0.0,0.0,0.0,0.0,0.0,0.0,0.0,0.0,0.0,0.0,0.0,0.0,0.0,0.0,0.0,0.0,0.0,0.0,0.0,0.0,0.0,0.0,0.0,0.0,0.0,0.0,0.0,1.0,0.0,0.0,0.0,1.0,0.0,0.0,0.0,0.0,0.0,0.0,0.0,0.0,0.0,0.0,0.0,1.0,0.0,0.0,0.0,0.04511805892084287,0.0,1350.0,0.7407407407407407,7.901377353792616,0.13745264648169805,56.00562353439397,2.4167526616640385,56.00562353439397,0,1
Exit Marine,Seward,60.1236646961308,-149.432916063527,"[""""TESLA""""]",0.0,3.0,0.0,free,OTHER,Non-Networked,7.0,59843.0,77722.0,1,Alaska,2700.0,900.0,10600.0,849.8031215344921,270.70347948980145,1305.4295856987321,2.0,112.01124706878794,AK,0,0,1,0,0,0,0,0,0,0,1,0,0,0,0,0,0,0,0,0,0,0,0,0,0,0,1,0,0,0,0,0,0,0,0,0,1,0,0,0,0,0,0,0,0,0,0,0,OTHER,0,0,0,0,0,0,0,0,0,0,0,0,1,False,0,0,0,0,0,0,0,summer,1.0,0.0,0.0,0.0,0.0,0.0,0.0,0.0,0.0,0.0,0.0,0.0,0.0,0.0,0.0,0.0,0.0,0.0,0.0,0.0,0.0,0.0,0.0,0.0,0.0,0.0,0.0,0.0,0.0,0.0,0.0,0.0,0.0,0.0,0.0,0.0,0.0,0.0,0.0,0.0,0.0,0.0,0.0,0.0,0.0,0.0,0.0,0.0,0.0,0.0,0.0,1.0,0.0,0.0,0.0,0.0,0.0,1.0,0.0,0.0,0.0,0.0,0.0,0.0,0.0,1.0,0.0,0.0,0.0,0.0,0.0,0.04511805892084287,0.0,1350.0,0.7407407407407407,7.901377353792616,0.13745264648169805,56.00562353439397,2.4167526616640385,56.00562353439397,0,1
Tongass National Forest,SITKA,57.056947,-135.348285,"[""""J1772""""]",0.0,1.0,0.0,free,FED_GOV,Non-Networked,1.0,8393.0,101207.0,1,AK,2700.0,900.0,10600.0,840.9272278583043,268.58327668394753,1297.9681053187335,2.0,111.74487864283165,AK,1,0,0,0,0,0,0,0,0,0,1,0,0,0,0,0,0,0,0,0,0,0,0,0,0,0,1,0,0,0,0,0,0,0,0,0,0,0,0,1,0,0,0,0,0,0,0,0,FED_GOV,0,0,0,1,0,0,0,0,0,0,0,0,0,False,0,0,0,0,0,0,0,winter,1.0,0.0,0.0,0.0,0.0,0.0,0.0,0.0,0.0,0.0,0.0,0.0,0.0,0.0,0.0,0.0,0.0,0.0,0.0,0.0,0.0,0.0,0.0,0.0,0.0,0.0,0.0,0.0,0.0,0.0,0.0,0.0,0.0,0.0,0.0,0.0,0.0,0.0,0.0,0.0,0.0,0.0,0.0,0.0,0.0,0.0,0.0,0.0,0.0,0.0,0.0,1.0,0.0,0.0,0.0,0.0,0.0,0.0,1.0,1.0,0.0,0.0,0.0,0.0,0.0,0.0,0.0,0.0,0.0,0.0,0.0,0.32169665197188135,0.0,1350.0,0.7407407407407407,7.901377353792616,0.27574194300721727,55.872439321415825,2.403539920092588,55.872439321415825,0,1
Alaska JCC,Palmer,61.599415,-149.114633,"[""""NEMA1450""""]",3.0,0.0,0.0,,FED_GOV,Non-Networked,1.0,110677.0,90625.0,1,AK,2700.0,900.0,10600.0,845.492534810896,268.9741399180821,1297.9681053187335,2.0,111.96431405186706,AK,1,0,0,0,0,0,0,0,0,0,1,0,0,0,0,0,0,0,0,0,0,0,0,0,0,0,1,0,0,0,0,0,0,0,0,0,0,0,0,1,0,0,0,0,0,0,0,0,FED_GOV,0,0,0,1,0,0,0,0,0,0,0,0,0,False,0,0,0,0,0,0,0,winter,1.0,0.0,0.0,0.0,0.0,0.0,0.0,0.0,0.0,0.0,0.0,0.0,0.0,0.0,0.0,0.0,0.0,0.0,0.0,0.0,0.0,0.0,0.0,0.0,0.0,0.0,0.0,0.0,0.0,0.0,0.0,0.0,0.0,0.0,0.0,0.0,0.0,0.0,0.0,0.0,0.0,0.0,0.0,0.0,0.0,0.0,0.0,0.0,0.0,0.0,0.0,1.0,0.0,0.0,0.0,0.0,0.0,0.0,1.0,1.0,0.0,0.0,0.0,0.0,0.0,0.0,0.0,0.0,0.0,0.0,0.0,0.024395312485882344,0.0,1350.0,0.7407407407407407,7.901377353792616,0.1270912732642178,55.98215702593353,2.4023202588771344,55.98215702593353,0,1
Turkey Red,Palmer,61.601874,-149.115806,"[""J1772"",""TESLA""]",0.0,2.0,0.0,free,RESTAURANT,Non-Networked,3.0,110677.0,90625.0,1,AK,2700.0,900.0,10600.0,845.492534810896,268.9741399180821,1297.9681053187335,2.0,111.96431405186706,AK,1,0,1,0,0,0,0,0,0,0,1,0,0,0,0,0,0,0,0,0,0,0,0,0,0,0,1,0,0,0,0,0,0,0,0,0,0,0,0,0,1,0,0,0,0,0,0,0,RESTAURANT,0,0,0,0,0,0,0,0,0,0,0,0,0,False,0,0,0,1,0,0,0,spring,1.0,0.0,0.0,0.0,0.0,0.0,0.0,0.0,0.0,0.0,0.0,0.0,0.0,0.0,0.0,0.0,0.0,0.0,0.0,0.0,0.0,0.0,0.0,0.0,0.0,0.0,0.0,0.0,0.0,0.0,0.0,0.0,0.0,0.0,0.0,0.0,0.0,0.0,0.0,0.0,0.0,0.0,0.0,0.0,0.0,0.0,0.0,0.0,0.0,0.0,0.0,1.0,0.0,0.0,0.0,0.0,1.0,0.0,0.0,0.0,0.0,1.0,0.0,0.0,0.0,0.0,0.0,0.0,0.0,0.0,0.0,0.024395312485882344,0.0,1350.0,0.7407407407407407,7.901377353792616,0.1270912732642178,55.98215702593353,2.4023202588771344,55.98215702593353,0,1
SEWARDCHAMBER SAK FAST,Seward,60.128054,-149.434023,"[""""J1772COMBO""""]",0.0,0.0,1.0,,UTILITY,ChargePoint Network,9.0,59843.0,77722.0,1,AK,2700.0,900.0,10600.0,11132.49502565494,3444.7542179307115,1305.4295856987321,2.0,1357.4824434869724,AK,0,1,0,0,0,1,0,0,0,0,0,0,0,0,0,0,0,0,0,1,0,0,0,0,0,0,0,0,0,0,0,0,0,0,0,0,0,0,0,0,0,0,0,1,0,0,0,0,Other,0,0,0,0,0,0,0,0,0,0,0,0,0,True,0,0,0,0,0,0,1,fall,1.0,0.0,0.0,0.0,0.0,0.0,0.0,0.0,0.0,0.0,0.0,0.0,0.0,0.0,0.0,0.0,0.0,0.0,0.0,0.0,0.0,0.0,0.0,0.0,0.0,0.0,0.0,0.0,0.0,0.0,0.0,0.0,0.0,0.0,0.0,0.0,0.0,0.0,0.0,0.0,0.0,0.0,0.0,0.0,0.0,0.0,0.0,0.0,0.0,0.0,0.0,1.0,0.0,0.0,0.0,1.0,0.0,0.0,0.0,0.0,0.0,0.0,0.0,0.0,0.0,0.0,0.0,1.0,0.0,0.0,0.0,0.04511805892084287,0.0,1350.0,0.7407407407407407,7.901377353792616,0.13745264648169805,678.7412217434862,2.5376049866856127,678.7412217434862,1,0
ELECTRIC BUS MPL ELEC BUSS,Metlakatla,55.117242,-131.547134,"[""""J1772""""]",0.0,2.0,0.0,,RESTAURANT,ChargePoint Network,9.0,5730.0,59079.0,1,AK,2700.0,900.0,10600.0,921.0958915203321,313.11171320476797,1563.9970935081876,2.0,124.48543160945339,AK,1,0,0,0,0,1,0,0,0,0,0,0,0,0,0,0,0,0,0,0,0,0,0,0,0,0,1,0,0,0,0,0,0,0,0,0,0,0,0,0,1,0,0,0,0,0,0,0,Other,0,0,0,0,0,0,0,0,0,0,0,0,0,True,0,0,0,1,0,0,0,fall,1.0,0.0,0.0,0.0,0.0,0.0,0.0,0.0,0.0,0.0,0.0,0.0,0.0,0.0,0.0,0.0,0.0,0.0,0.0,0.0,0.0,0.0,0.0,0.0,0.0,0.0,0.0,0.0,0.0,0.0,0.0,0.0,0.0,0.0,0.0,0.0,0.0,0.0,0.0,0.0,0.0,0.0,0.0,0.0,0.0,0.0,0.0,0.0,0.0,0.0,0.0,1.0,0.0,0.0,0.0,1.0,0.0,0.0,0.0,0.0,0.0,0.0,0.0,0.0,0.0,0.0,0.0,1.0,0.0,0.0,0.0,0.4712041884816754,0.0,1350.0,0.7407407407407407,7.901377353792616,0.3504957112621143,62.24271580472669,2.5152478419088387,62.24271580472669,0,1
Tongass National Forest,Juneau,58.401137,-134.556115,"[""""J1772""""]",0.0,1.0,0.0,free,FED_GOV,Non-Networked,1.0,31969.0,100513.0,1,AK,2700.0,900.0,10600.0,840.9272278583043,268.58327668394753,1297.9681053187335,2.0,111.74487864283165,AK,1,0,0,0,0,0,0,0,0,0,1,0,0,0,0,0,0,0,0,0,0,0,0,0,0,0,1,0,0,0,0,0,0,0,0,0,0,0,0,1,0,0,0,0,0,0,0,0,FED_GOV,0,0,0,1,0,0,0,0,0,0,0,0,0,False,0,0,0,0,0,0,0,winter,1.0,0.0,0.0,0.0,0.0,0.0,0.0,0.0,0.0,0.0,0.0,0.0,0.0,0.0,0.0,0.0,0.0,0.0,0.0,0.0,0.0,0.0,0.0,0.0,0.0,0.0,0.0,0.0,0.0,0.0,0.0,0.0,0.0,0.0,0.0,0.0,0.0,0.0,0.0,0.0,0.0,0.0,0.0,0.0,0.0,0.0,0.0,0.0,0.0,0.0,0.0,1.0,0.0,0.0,0.0,0.0,0.0,0.0,1.0,1.0,0.0,0.0,0.0,0.0,0.0,0.0,0.0,0.0,0.0,0.0,0.0,0.0844568175419938,0.0,1350.0,0.7407407407407407,7.901377353792616,0.15712202579227352,55.872439321415825,2.403539920092588,55.872439321415825,0,1
Marine Parking Garage,Juneau,58.298366,-134.404006,"[""""J1772""""]",0.0,2.0,0.0,free,PARKING_GARAGE,Non-Networked,5.0,31969.0,100513.0,1,AK,2700.0,900.0,10600.0,840.9272278583043,268.58327668394753,1297.9681053187335,2.0,111.74487864283165,AK,1,0,0,0,0,0,0,0,0,0,1,0,0,0,0,0,0,0,0,0,0,0,0,0,0,0,1,0,0,0,0,0,0,1,0,0,0,0,0,0,0,0,0,0,0,0,0,0,PARKING_GARAGE,0,0,0,0,0,0,0,0,0,0,0,0,0,False,1,0,0,0,0,0,0,spring,1.0,0.0,0.0,0.0,0.0,0.0,0.0,0.0,0.0,0.0,0.0,0.0,0.0,0.0,0.0,0.0,0.0,0.0,0.0,0.0,0.0,0.0,0.0,0.0,0.0,0.0,0.0,0.0,0.0,0.0,0.0,0.0,0.0,0.0,0.0,0.0,0.0,0.0,0.0,0.0,0.0,0.0,0.0,0.0,0.0,0.0,0.0,0.0,0.0,0.0,0.0,1.0,0.0,0.0,0.0,0.0,1.0,0.0,0.0,0.0,0.0,0.0,0.0,1.0,0.0,0.0,0.0,0.0,0.0,0.0,0.0,0.0844568175419938,0.0,1350.0,0.7407407407407407,7.901377353792616,0.15712202579227352,55.872439321415825,2.403539920092588,55.872439321415825,0,1
KTOO Public Media,Juneau,58.299387,-134.414943,"[""""J1772""""]",0.0,1.0,0.0,free,OFFICE_BLDG,Non-Networked,6.0,31969.0,100513.0,1,AK,2700.0,900.0,10600.0,840.9272278583043,268.58327668394753,1297.9681053187335,2.0,111.74487864283165,AK,1,0,0,0,0,0,0,0,0,0,1,0,0,0,0,0,0,0,0,0,0,0,0,0,0,0,1,0,0,0,0,1,0,0,0,0,0,0,0,0,0,0,0,0,0,0,0,0,OFFICE_BLDG,0,0,0,0,0,0,0,0,0,0,0,1,0,False,0,0,0,0,0,0,0,summer,1.0,0.0,0.0,0.0,0.0,0.0,0.0,0.0,0.0,0.0,0.0,0.0,0.0,0.0,0.0,0.0,0.0,0.0,0.0,0.0,0.0,0.0,0.0,0.0,0.0,0.0,0.0,0.0,0.0,0.0,0.0,0.0,0.0,0.0,0.0,0.0,0.0,0.0,0.0,0.0,0.0,0.0,0.0,0.0,0.0,0.0,0.0,0.0,0.0,0.0,0.0,1.0,0.0,0.0,0.0,0.0,0.0,1.0,0.0,0.0,0.0,0.0,0.0,0.0,1.0,0.0,0.0,0.0,0.0,0.0,0.0,0.0844568175419938,0.0,1350.0,0.7407407407407407,7.901377353792616,0.15712202579227352,55.872439321415825,2.403539920092588,55.872439321415825,0,1
Juneau Hydropower,Juneau,58.363727,-134.57555,"[""""J1772""""]",0.0,1.0,0.0,free,OFFICE_BLDG,Non-Networked,6.0,31969.0,100513.0,1,AK,2700.0,900.0,10600.0,840.9272278583043,268.58327668394753,1297.9681053187335,2.0,111.74487864283165,AK,1,0,0,0,0,0,0,0,0,0,1,0,0,0,0,0,0,0,0,0,0,0,0,0,0,0,1,0,0,0,0,1,0,0,0,0,0,0,0,0,0,0,0,0,0,0,0,0,OFFICE_BLDG,0,0,0,0,0,0,0,0,0,0,0,1,0,False,0,0,0,0,0,0,0,summer,1.0,0.0,0.0,0.0,0.0,0.0,0.0,0.0,0.0,0.0,0.0,0.0,0.0,0.0,0.0,0.0,0.0,0.0,0.0,0.0,0.0,0.0,0.0,0.0,0.0,0.0,0.0,0.0,0.0,0.0,0.0,0.0,0.0,0.0,0.0,0.0,0.0,0.0,0.0,0.0,0.0,0.0,0.0,0.0,0.0,0.0,0.0,0.0,0.0,0.0,0.0,1.0,0.0,0.0,0.0,0.0,0.0,1.0,0.0,0.0,0.0,0.0,0.0,0.0,1.0,0.0,0.0,0.0,0.0,0.0,0.0,0.0844568175419938,0.0,1350.0,0.7407407407407407,7.901377353792616,0.15712202579227352,55.872439321415825,2.403539920092588,55.872439321415825,0,1
Fred Meyer Juneau,Juneau,58.359016,-134.559427,"[""CHADEMO"",""J1772""]",0.0,2.0,2.0,,SHOPPING_CENTER,Non-Networked,6.0,31969.0,100513.0,1,AK,2700.0,900.0,10600.0,11132.49502565494,3444.7542179307115,1297.9681053187335,2.0,1357.4824434869724,AK,1,1,0,0,0,0,0,0,0,0,1,0,0,0,0,0,0,0,0,0,0,0,0,0,0,0,1,0,0,0,0,0,0,0,0,0,0,0,1,0,0,0,0,0,0,0,0,0,SHOPPING_CENTER,0,0,0,0,0,0,0,0,0,0,0,0,0,False,0,0,0,0,1,0,0,summer,1.0,0.0,0.0,0.0,0.0,0.0,0.0,0.0,0.0,0.0,0.0,0.0,0.0,0.0,0.0,0.0,0.0,0.0,0.0,0.0,0.0,0.0,0.0,0.0,0.0,0.0,0.0,0.0,0.0,0.0,0.0,0.0,0.0,0.0,0.0,0.0,0.0,0.0,0.0,0.0,0.0,0.0,0.0,0.0,0.0,0.0,0.0,0.0,0.0,0.0,0.0,1.0,0.0,0.0,0.0,0.0,0.0,1.0,0.0,0.0,0.0,0.0,0.0,0.0,1.0,0.0,0.0,0.0,0.0,0.0,0.0,0.0844568175419938,0.0,1350.0,0.7407407407407407,7.901377353792616,0.15712202579227352,678.7412217434862,2.5376049866856127,678.7412217434862,1,0
Alaskan Brewing Tap Room,Juneau,58.357304,-134.486886,"[""""CHADEMO""""]",0.0,0.0,1.0,free,BREWERY_DISTILLERY_WINERY,Non-Networked,6.0,31969.0,100513.0,1,AK,2700.0,900.0,10600.0,11132.49502565494,3444.7542179307115,1297.9681053187335,2.0,1357.4824434869724,AK,0,1,0,0,0,0,0,0,0,0,1,0,0,0,0,0,0,0,0,0,0,0,0,0,0,0,1,0,0,0,0,0,0,0,0,0,0,0,0,0,0,0,0,0,0,0,0,1,BREWERY_DISTILLERY_WINERY,1,0,0,0,0,0,0,0,0,0,0,0,0,False,0,0,0,0,0,0,0,summer,1.0,0.0,0.0,0.0,0.0,0.0,0.0,0.0,0.0,0.0,0.0,0.0,0.0,0.0,0.0,0.0,0.0,0.0,0.0,0.0,0.0,0.0,0.0,0.0,0.0,0.0,0.0,0.0,0.0,0.0,0.0,0.0,0.0,0.0,0.0,0.0,0.0,0.0,0.0,0.0,0.0,0.0,0.0,0.0,0.0,0.0,0.0,0.0,0.0,0.0,0.0,1.0,0.0,0.0,0.0,0.0,0.0,1.0,0.0,0.0,0.0,0.0,0.0,0.0,1.0,0.0,0.0,0.0,0.0,0.0,0.0,0.0844568175419938,0.0,1350.0,0.7407407407407407,7.901377353792616,0.15712202579227352,678.7412217434862,2.5376049866856127,678.7412217434862,1,0
Homer Electric Association,Kenai,60.563499,-151.236962,"[""""J1772""""]",0.0,1.0,0.0,free,UTILITY,Non-Networked,3.0,59843.0,77722.0,1,AK,2700.0,900.0,10600.0,849.8031215344921,270.70347948980145,1305.4295856987321,2.0,112.01124706878794,AK,1,0,0,0,0,0,0,0,0,0,1,0,0,0,0,0,0,0,0,0,0,0,0,0,0,0,1,0,0,0,0,0,0,0,0,0,0,0,0,0,0,0,0,1,0,0,0,0,UTILITY,0,0,0,0,0,0,0,0,0,0,0,0,0,False,0,0,0,0,0,0,1,spring,1.0,0.0,0.0,0.0,0.0,0.0,0.0,0.0,0.0,0.0,0.0,0.0,0.0,0.0,0.0,0.0,0.0,0.0,0.0,0.0,0.0,0.0,0.0,0.0,0.0,0.0,0.0,0.0,0.0,0.0,0.0,0.0,0.0,0.0,0.0,0.0,0.0,0.0,0.0,0.0,0.0,0.0,0.0,0.0,0.0,0.0,0.0,0.0,0.0,0.0,0.0,1.0,0.0,0.0,0.0,0.0,1.0,0.0,0.0,0.0,0.0,1.0,0.0,0.0,0.0,0.0,0.0,0.0,0.0,0.0,0.0,0.04511805892084287,0.0,1350.0,0.7407407407407407,7.901377353792616,0.13745264648169805,56.00562353439397,2.4167526616640385,56.00562353439397,0,1
"Alaska State Library, Archives, and Museum",Juneau,58.300181,-134.415798,"[""""J1772""""]",0.0,2.0,0.0,free,LIBRARY,Non-Networked,6.0,31969.0,100513.0,1,AK,2700.0,900.0,10600.0,840.9272278583043,268.58327668394753,1297.9681053187335,2.0,111.74487864283165,AK,1,0,0,0,0,0,0,0,0,0,1,0,0,0,0,0,0,0,0,0,0,0,0,0,0,0,1,0,0,0,0,0,0,0,0,0,0,0,0,0,0,0,0,0,0,0,0,0,Other,0,0,0,0,0,0,0,0,0,0,0,0,0,True,0,0,0,0,0,0,0,summer,1.0,0.0,0.0,0.0,0.0,0.0,0.0,0.0,0.0,0.0,0.0,0.0,0.0,0.0,0.0,0.0,0.0,0.0,0.0,0.0,0.0,0.0,0.0,0.0,0.0,0.0,0.0,0.0,0.0,0.0,0.0,0.0,0.0,0.0,0.0,0.0,0.0,0.0,0.0,0.0,0.0,0.0,0.0,0.0,0.0,0.0,0.0,0.0,0.0,0.0,0.0,1.0,0.0,0.0,0.0,0.0,0.0,1.0,0.0,0.0,0.0,0.0,0.0,0.0,1.0,0.0,0.0,0.0,0.0,0.0,0.0,0.0844568175419938,0.0,1350.0,0.7407407407407407,7.901377353792616,0.15712202579227352,55.872439321415825,2.403539920092588,55.872439321415825,0,1
Skagway - Animal Facility,Skagway,59.453444,-135.32095,"[""""J1772""""]",0.0,5.0,0.0,free,MUNI_GOV,Non-Networked,3.0,1308.0,78594.0,1,AK,2700.0,900.0,10600.0,849.8031215344921,270.70347948980145,1305.4295856987321,2.0,112.01124706878794,AK,1,0,0,0,0,0,0,0,0,0,1,0,0,0,0,0,0,0,0,0,0,0,0,0,0,0,1,0,0,0,0,0,0,0,0,1,0,0,0,0,0,0,0,0,0,0,0,0,MUNI_GOV,0,0,0,0,0,0,0,0,0,0,1,0,0,False,0,0,0,0,0,0,0,spring,1.0,0.0,0.0,0.0,0.0,0.0,0.0,0.0,0.0,0.0,0.0,0.0,0.0,0.0,0.0,0.0,0.0,0.0,0.0,0.0,0.0,0.0,0.0,0.0,0.0,0.0,0.0,0.0,0.0,0.0,0.0,0.0,0.0,0.0,0.0,0.0,0.0,0.0,0.0,0.0,0.0,0.0,0.0,0.0,0.0,0.0,0.0,0.0,0.0,0.0,0.0,1.0,0.0,0.0,0.0,0.0,1.0,0.0,0.0,0.0,0.0,1.0,0.0,0.0,0.0,0.0,0.0,0.0,0.0,0.0,0.0,2.0642201834862384,0.0,1350.0,0.7407407407407407,7.901377353792616,1.1470037087643958,56.00562353439397,2.4167526616640385,56.00562353439397,0,1
Whistle Hill - Tesla Destination,Soldotna,60.494668,-151.044946,"[""J1772"",""TESLA""]",0.0,2.0,0.0,free,RESTAURANT,Tesla Destination,7.0,59843.0,77722.0,1,AK,2700.0,900.0,10600.0,849.8031215344921,270.70347948980145,1305.4295856987321,2.0,112.01124706878794,AK,1,0,1,0,0,0,0,0,0,0,0,0,0,0,0,0,1,0,0,0,0,0,0,0,0,0,1,0,0,0,0,0,0,0,0,0,0,0,0,0,1,0,0,0,0,0,0,0,RESTAURANT,0,0,0,0,0,0,0,0,0,0,0,0,0,False,0,0,0,1,0,0,0,summer,1.0,0.0,0.0,0.0,0.0,0.0,0.0,0.0,0.0,0.0,0.0,0.0,0.0,0.0,0.0,0.0,0.0,0.0,0.0,0.0,0.0,0.0,0.0,0.0,0.0,0.0,0.0,0.0,0.0,0.0,0.0,0.0,0.0,0.0,0.0,0.0,0.0,0.0,0.0,0.0,0.0,0.0,0.0,0.0,0.0,0.0,0.0,0.0,0.0,0.0,0.0,1.0,0.0,0.0,0.0,0.0,0.0,1.0,0.0,0.0,0.0,0.0,0.0,0.0,0.0,1.0,0.0,0.0,0.0,0.0,0.0,0.04511805892084287,0.0,1350.0,0.7407407407407407,7.901377353792616,0.13745264648169805,56.00562353439397,2.4167526616640385,56.00562353439397,0,1
Anchor Inn - Tesla Destination,Whittier,60.774399,-148.681787,"[""J1772"",""TESLA""]",0.0,4.0,0.0,free,HOTEL,Tesla Destination,7.0,59843.0,98152.0,1,AK,2700.0,900.0,10600.0,840.9272278583043,268.58327668394753,1297.9681053187335,2.0,111.74487864283165,AK,1,0,1,0,0,0,0,0,0,0,0,0,0,0,0,0,1,0,0,0,0,0,0,0,0,0,1,0,1,0,0,0,0,0,0,0,0,0,0,0,0,0,0,0,0,0,0,0,Other,0,0,0,0,0,0,0,1,0,0,0,0,0,True,0,0,0,0,0,0,0,summer,1.0,0.0,0.0,0.0,0.0,0.0,0.0,0.0,0.0,0.0,0.0,0.0,0.0,0.0,0.0,0.0,0.0,0.0,0.0,0.0,0.0,0.0,0.0,0.0,0.0,0.0,0.0,0.0,0.0,0.0,0.0,0.0,0.0,0.0,0.0,0.0,0.0,0.0,0.0,0.0,0.0,0.0,0.0,0.0,0.0,0.0,0.0,0.0,0.0,0.0,0.0,1.0,0.0,0.0,0.0,0.0,0.0,1.0,0.0,0.0,0.0,0.0,0.0,0.0,0.0,1.0,0.0,0.0,0.0,0.0,0.0,0.04511805892084287,0.0,1350.0,0.7407407407407407,7.901377353792616,0.13745264648169805,55.872439321415825,2.403539920092588,55.872439321415825,0,1
MIDAS WASILLA MIDAS 1,Wasilla,61.573564,-149.424678,"[""""J1772""""]",0.0,2.0,0.0,,RESTAURANT,ChargePoint Network,9.0,110677.0,90625.0,1,AK,2700.0,900.0,10600.0,845.492534810896,268.9741399180821,1297.9681053187335,2.0,111.96431405186706,AK,1,0,0,0,0,1,0,0,0,0,0,0,0,0,0,0,0,0,0,0,0,0,0,0,0,0,1,0,0,0,0,0,0,0,0,0,0,0,0,0,1,0,0,0,0,0,0,0,Other,0,0,0,0,0,0,0,0,0,0,0,0,0,True,0,0,0,1,0,0,0,fall,1.0,0.0,0.0,0.0,0.0,0.0,0.0,0.0,0.0,0.0,0.0,0.0,0.0,0.0,0.0,0.0,0.0,0.0,0.0,0.0,0.0,0.0,0.0,0.0,0.0,0.0,0.0,0.0,0.0,0.0,0.0,0.0,0.0,0.0,0.0,0.0,0.0,0.0,0.0,0.0,0.0,0.0,0.0,0.0,0.0,0.0,0.0,0.0,0.0,0.0,0.0,1.0,0.0,0.0,0.0,1.0,0.0,0.0,0.0,0.0,0.0,0.0,0.0,0.0,0.0,0.0,0.0,1.0,0.0,0.0,0.0,0.024395312485882344,0.0,1350.0,0.7407407407407407,7.901377353792616,0.1270912732642178,55.98215702593353,2.4023202588771344,55.98215702593353,0,1
Kendall Ford of Wasilla,Wasilla,61.5729810081057,-149.38122603085,"[""""J1772COMBO""""]",0.0,0.0,4.0,,PUBLIC,Blink Network,9.0,110677.0,90625.0,1,AK,2700.0,900.0,10600.0,11132.49502565494,3444.7542179307115,1297.9681053187335,2.0,1357.4824434869724,AK,0,1,0,0,1,0,0,0,0,0,0,0,0,0,0,0,0,0,0,0,0,0,0,0,0,0,1,0,0,0,0,0,1,0,0,0,0,0,0,0,0,0,0,0,0,0,0,0,Other,0,0,0,0,0,0,0,0,0,0,0,0,0,True,0,0,1,0,0,0,0,fall,1.0,0.0,0.0,0.0,0.0,0.0,0.0,0.0,0.0,0.0,0.0,0.0,0.0,0.0,0.0,0.0,0.0,0.0,0.0,0.0,0.0,0.0,0.0,0.0,0.0,0.0,0.0,0.0,0.0,0.0,0.0,0.0,0.0,0.0,0.0,0.0,0.0,0.0,0.0,0.0,0.0,0.0,0.0,0.0,0.0,0.0,0.0,0.0,0.0,0.0,0.0,1.0,0.0,0.0,0.0,1.0,0.0,0.0,0.0,0.0,0.0,0.0,0.0,0.0,0.0,0.0,0.0,1.0,0.0,0.0,0.0,0.024395312485882344,0.0,1350.0,0.7407407407407407,7.901377353792616,0.1270912732642178,678.7412217434862,2.5376049866856127,678.7412217434862,1,0
Chevrolet of Wasilla,Wasilla,61.569624,-149.356304,"[""J1772"",""J1772COMBO""]",0.0,2.0,2.0,free,CAR_DEALER,Non-Networked,8.0,110677.0,90625.0,1,AK,2700.0,900.0,10600.0,11132.49502565494,3444.7542179307115,1297.9681053187335,2.0,1357.4824434869724,AK,1,1,0,0,0,0,0,0,0,0,1,0,0,0,0,0,0,0,0,0,0,0,0,0,0,0,1,0,0,1,0,0,0,0,0,0,0,0,0,0,0,0,0,0,0,0,0,0,CAR_DEALER,0,1,0,0,0,0,0,0,0,0,0,0,0,False,0,0,0,0,0,0,0,summer,1.0,0.0,0.0,0.0,0.0,0.0,0.0,0.0,0.0,0.0,0.0,0.0,0.0,0.0,0.0,0.0,0.0,0.0,0.0,0.0,0.0,0.0,0.0,0.0,0.0,0.0,0.0,0.0,0.0,0.0,0.0,0.0,0.0,0.0,0.0,0.0,0.0,0.0,0.0,0.0,0.0,0.0,0.0,0.0,0.0,0.0,0.0,0.0,0.0,0.0,0.0,1.0,0.0,0.0,0.0,0.0,0.0,1.0,0.0,0.0,0.0,0.0,0.0,0.0,0.0,0.0,1.0,0.0,0.0,0.0,0.0,0.024395312485882344,0.0,1350.0,0.7407407407407407,7.901377353792616,0.1270912732642178,678.7412217434862,2.5376049866856127,678.7412217434862,1,0
Advanced Blasting Services,Wasilla,61.58013,-149.60681,"[""""TESLA""""]",0.0,2.0,0.0,donations accepted,OTHER_ENTERTAINMENT,Non-Networked,7.0,110677.0,90625.0,1,Alaska,2700.0,900.0,10600.0,845.492534810896,268.9741399180821,1297.9681053187335,2.0,111.96431405186706,AK,0,0,1,0,0,0,0,0,0,0,1,0,0,0,0,0,0,0,0,0,0,0,0,0,0,0,1,0,0,0,0,0,0,0,0,0,0,0,0,0,0,0,0,0,0,0,0,0,Other,0,0,0,0,0,0,0,0,0,0,0,0,0,True,0,0,0,0,0,0,0,summer,1.0,0.0,0.0,0.0,0.0,0.0,0.0,0.0,0.0,0.0,0.0,0.0,0.0,0.0,0.0,0.0,0.0,0.0,0.0,0.0,0.0,0.0,0.0,0.0,0.0,0.0,0.0,0.0,0.0,0.0,0.0,0.0,0.0,0.0,0.0,0.0,0.0,0.0,0.0,0.0,0.0,0.0,0.0,0.0,0.0,0.0,0.0,0.0,0.0,0.0,0.0,1.0,0.0,0.0,0.0,0.0,0.0,1.0,0.0,0.0,0.0,0.0,0.0,0.0,0.0,1.0,0.0,0.0,0.0,0.0,0.0,0.024395312485882344,0.0,1350.0,0.7407407407407407,7.901377353792616,0.1270912732642178,55.98215702593353,2.4023202588771344,55.98215702593353,0,1
Talkeetna Historical Society,Talkeetna,62.3224208255813,-150.113577631094,"[""""J1772""""]",0.0,1.0,0.0,free for visitors; donations accepted,MUSEUM,Non-Networked,7.0,110677.0,90625.0,1,AK,2700.0,900.0,10600.0,845.492534810896,268.9741399180821,1297.9681053187335,2.0,111.96431405186706,AK,1,0,0,0,0,0,0,0,0,0,1,0,0,0,0,0,0,0,0,0,0,0,0,0,0,0,1,0,0,0,0,0,0,0,0,0,0,0,0,0,0,0,0,0,0,0,0,0,Other,0,0,0,0,0,0,0,0,0,0,0,0,0,True,0,0,0,0,0,0,0,summer,1.0,0.0,0.0,0.0,0.0,0.0,0.0,0.0,0.0,0.0,0.0,0.0,0.0,0.0,0.0,0.0,0.0,0.0,0.0,0.0,0.0,0.0,0.0,0.0,0.0,0.0,0.0,0.0,0.0,0.0,0.0,0.0,0.0,0.0,0.0,0.0,0.0,0.0,0.0,0.0,0.0,0.0,0.0,0.0,0.0,0.0,0.0,0.0,0.0,0.0,0.0,1.0,0.0,0.0,0.0,0.0,0.0,1.0,0.0,0.0,0.0,0.0,0.0,0.0,0.0,1.0,0.0,0.0,0.0,0.0,0.0,0.024395312485882344,0.0,1350.0,0.7407407407407407,7.901377353792616,0.1270912732642178,55.98215702593353,2.4023202588771344,55.98215702593353,0,1
River City Books - Lucy's Market,Soldotna,60.4852281228551,-151.054932814819,"[""""J1772""""]",0.0,1.0,0.0,free,GROCERY,Non-Networked,3.0,59843.0,77722.0,1,AK,2700.0,900.0,10600.0,849.8031215344921,270.70347948980145,1305.4295856987321,2.0,112.01124706878794,AK,1,0,0,0,0,0,0,0,0,0,1,0,0,0,0,0,0,0,0,0,0,0,0,0,0,0,1,0,0,0,0,0,0,0,0,0,0,0,0,0,0,0,0,0,0,1,0,0,GROCERY,0,0,0,0,0,1,0,0,0,0,0,0,0,False,0,0,0,0,0,0,0,spring,1.0,0.0,0.0,0.0,0.0,0.0,0.0,0.0,0.0,0.0,0.0,0.0,0.0,0.0,0.0,0.0,0.0,0.0,0.0,0.0,0.0,0.0,0.0,0.0,0.0,0.0,0.0,0.0,0.0,0.0,0.0,0.0,0.0,0.0,0.0,0.0,0.0,0.0,0.0,0.0,0.0,0.0,0.0,0.0,0.0,0.0,0.0,0.0,0.0,0.0,0.0,1.0,0.0,0.0,0.0,0.0,1.0,0.0,0.0,0.0,0.0,1.0,0.0,0.0,0.0,0.0,0.0,0.0,0.0,0.0,0.0,0.04511805892084287,0.0,1350.0,0.7407407407407407,7.901377353792616,0.13745264648169805,56.00562353439397,2.4167526616640385,56.00562353439397,0,1
Talkeetna Cabins,Talkeetna,62.323961,-150.115178,"[""""TESLA""""]",0.0,1.0,0.0,free,INN,Non-Networked,3.0,110677.0,90625.0,1,AK,2700.0,900.0,10600.0,845.492534810896,268.9741399180821,1297.9681053187335,2.0,111.96431405186706,AK,0,0,1,0,0,0,0,0,0,0,1,0,0,0,0,0,0,0,0,0,0,0,0,0,0,0,1,0,0,0,0,0,0,0,0,0,0,0,0,0,0,0,0,0,0,0,1,0,INN,0,0,0,0,0,0,0,0,1,0,0,0,0,False,0,0,0,0,0,0,0,spring,1.0,0.0,0.0,0.0,0.0,0.0,0.0,0.0,0.0,0.0,0.0,0.0,0.0,0.0,0.0,0.0,0.0,0.0,0.0,0.0,0.0,0.0,0.0,0.0,0.0,0.0,0.0,0.0,0.0,0.0,0.0,0.0,0.0,0.0,0.0,0.0,0.0,0.0,0.0,0.0,0.0,0.0,0.0,0.0,0.0,0.0,0.0,0.0,0.0,0.0,0.0,1.0,0.0,0.0,0.0,0.0,1.0,0.0,0.0,0.0,0.0,1.0,0.0,0.0,0.0,0.0,0.0,0.0,0.0,0.0,0.0,0.024395312485882344,0.0,1350.0,0.7407407407407407,7.901377353792616,0.1270912732642178,55.98215702593353,2.4023202588771344,55.98215702593353,0,1
K2 Aviation,Talkeetna,62.3213,-150.103386,"[""""TESLA""""]",0.0,1.0,0.0,free,AIRPORT,Non-Networked,3.0,110677.0,90625.0,1,AK,2700.0,900.0,10600.0,845.492534810896,268.9741399180821,1297.9681053187335,2.0,111.96431405186706,AK,0,0,1,0,0,0,0,0,0,0,1,0,0,0,0,0,0,0,0,0,0,0,0,0,0,0,1,0,0,0,0,0,0,0,0,0,0,0,0,0,0,0,0,0,0,0,0,0,Other,0,0,0,0,0,0,0,0,0,0,0,0,0,True,0,0,0,0,0,0,0,spring,1.0,0.0,0.0,0.0,0.0,0.0,0.0,0.0,0.0,0.0,0.0,0.0,0.0,0.0,0.0,0.0,0.0,0.0,0.0,0.0,0.0,0.0,0.0,0.0,0.0,0.0,0.0,0.0,0.0,0.0,0.0,0.0,0.0,0.0,0.0,0.0,0.0,0.0,0.0,0.0,0.0,0.0,0.0,0.0,0.0,0.0,0.0,0.0,0.0,0.0,0.0,1.0,0.0,0.0,0.0,0.0,1.0,0.0,0.0,0.0,0.0,1.0,0.0,0.0,0.0,0.0,0.0,0.0,0.0,0.0,0.0,0.024395312485882344,0.0,1350.0,0.7407407407407407,7.901377353792616,0.1270912732642178,55.98215702593353,2.4023202588771344,55.98215702593353,0,1
Denali Brewing Co,Talkeetna,62.1613502104253,-150.029668217076,"[""CHADEMO"",""J1772""]",0.0,1.0,1.0,donations accepted,BREWERY_DISTILLERY_WINERY,Non-Networked,3.0,110677.0,90625.0,1,AK,2700.0,900.0,10600.0,11132.49502565494,3444.7542179307115,1297.9681053187335,2.0,1357.4824434869724,AK,1,1,0,0,0,0,0,0,0,0,1,0,0,0,0,0,0,0,0,0,0,0,0,0,0,0,1,0,0,0,0,0,0,0,0,0,0,0,0,0,0,0,0,0,0,0,0,1,BREWERY_DISTILLERY_WINERY,1,0,0,0,0,0,0,0,0,0,0,0,0,False,0,0,0,0,0,0,0,spring,1.0,0.0,0.0,0.0,0.0,0.0,0.0,0.0,0.0,0.0,0.0,0.0,0.0,0.0,0.0,0.0,0.0,0.0,0.0,0.0,0.0,0.0,0.0,0.0,0.0,0.0,0.0,0.0,0.0,0.0,0.0,0.0,0.0,0.0,0.0,0.0,0.0,0.0,0.0,0.0,0.0,0.0,0.0,0.0,0.0,0.0,0.0,0.0,0.0,0.0,0.0,1.0,0.0,0.0,0.0,0.0,1.0,0.0,0.0,0.0,0.0,1.0,0.0,0.0,0.0,0.0,0.0,0.0,0.0,0.0,0.0,0.024395312485882344,0.0,1350.0,0.7407407407407407,7.901377353792616,0.1270912732642178,678.7412217434862,2.5376049866856127,678.7412217434862,1,0
Three Bears - Sterling,Sterling,60.5303793,-150.7354332,"[""CHADEMO"",""J1772"",""J1772COMBO""]",0.0,2.0,4.0,,CAR_DEALER,EVGATEWAY,9.0,59843.0,77722.0,1,AK,2700.0,900.0,10600.0,11132.49502565494,3444.7542179307115,1305.4295856987321,2.0,1357.4824434869724,AK,1,1,0,0,0,0,0,0,0,0,0,1,0,0,0,0,0,0,0,1,0,0,0,0,0,0,0,0,0,1,0,0,0,0,0,0,0,0,0,0,0,0,0,0,0,0,0,0,Other,0,1,0,0,0,0,0,0,0,0,0,0,0,True,0,0,0,0,0,0,0,fall,1.0,0.0,0.0,0.0,0.0,0.0,0.0,0.0,0.0,0.0,0.0,0.0,0.0,0.0,0.0,0.0,0.0,0.0,0.0,0.0,0.0,0.0,0.0,0.0,0.0,0.0,0.0,0.0,0.0,0.0,0.0,0.0,0.0,0.0,0.0,0.0,0.0,0.0,0.0,0.0,0.0,0.0,0.0,0.0,0.0,0.0,0.0,0.0,0.0,0.0,0.0,1.0,0.0,0.0,0.0,1.0,0.0,0.0,0.0,0.0,0.0,0.0,0.0,0.0,0.0,0.0,0.0,1.0,0.0,0.0,0.0,0.04511805892084287,0.0,1350.0,0.7407407407407407,7.901377353792616,0.13745264648169805,678.7412217434862,2.5376049866856127,678.7412217434862,1,0
Tapraq Rock,Stebbins,63.5196555070768,-162.28634834416,"[""""TESLA""""]",0.0,1.0,0.0,free,PARKING_LOT,Non-Networked,2.0,9925.0,76643.0,1,AK,2700.0,900.0,10600.0,849.8031215344921,270.70347948980145,1305.4295856987321,2.0,112.01124706878794,AK,0,0,1,0,0,0,0,0,0,0,1,0,0,0,0,0,0,0,0,0,0,0,0,0,0,0,1,0,0,0,1,0,0,0,0,0,0,0,0,0,0,0,0,0,0,0,0,0,PARKING_LOT,0,0,0,0,0,0,0,0,0,0,0,0,0,False,0,1,0,0,0,0,0,winter,1.0,0.0,0.0,0.0,0.0,0.0,0.0,0.0,0.0,0.0,0.0,0.0,0.0,0.0,0.0,0.0,0.0,0.0,0.0,0.0,0.0,0.0,0.0,0.0,0.0,0.0,0.0,0.0,0.0,0.0,0.0,0.0,0.0,0.0,0.0,0.0,0.0,0.0,0.0,0.0,0.0,0.0,0.0,0.0,0.0,0.0,0.0,0.0,0.0,0.0,0.0,1.0,0.0,0.0,0.0,0.0,0.0,0.0,1.0,0.0,1.0,0.0,0.0,0.0,0.0,0.0,0.0,0.0,0.0,0.0,0.0,0.27204030226700254,0.0,1350.0,0.7407407407407407,7.901377353792616,0.2509137681547779,56.00562353439397,2.4167526616640385,56.00562353439397,0,1
Soldotna Auto Mall,Soldotna,60.48729,-151.05466,"[""J1772"",""J1772COMBO""]",0.0,7.0,2.0,,CAR_DEALER,Blink Network,9.0,59843.0,77722.0,1,AK,2700.0,900.0,10600.0,11132.49502565494,3444.7542179307115,1305.4295856987321,2.0,1357.4824434869724,AK,1,1,0,0,1,0,0,0,0,0,0,0,0,0,0,0,0,0,0,0,0,0,0,0,0,0,1,0,0,1,0,0,0,0,0,0,0,0,0,0,0,0,0,0,0,0,0,0,Other,0,1,0,0,0,0,0,0,0,0,0,0,0,True,0,0,0,0,0,0,0,fall,1.0,0.0,0.0,0.0,0.0,0.0,0.0,0.0,0.0,0.0,0.0,0.0,0.0,0.0,0.0,0.0,0.0,0.0,0.0,0.0,0.0,0.0,0.0,0.0,0.0,0.0,0.0,0.0,0.0,0.0,0.0,0.0,0.0,0.0,0.0,0.0,0.0,0.0,0.0,0.0,0.0,0.0,0.0,0.0,0.0,0.0,0.0,0.0,0.0,0.0,0.0,1.0,0.0,0.0,0.0,1.0,0.0,0.0,0.0,0.0,0.0,0.0,0.0,0.0,0.0,0.0,0.0,1.0,0.0,0.0,0.0,0.04511805892084287,0.0,1350.0,0.7407407407407407,7.901377353792616,0.13745264648169805,678.7412217434862,2.5376049866856127,678.7412217434862,1,0
Whistle Stop - Tesla Supercharger,Soldotna,60.494624,-151.046128,"[""""TESLA""""]",0.0,0.0,4.0,,RESTAURANT,Tesla,7.0,59843.0,77722.0,1,AK,2700.0,900.0,10600.0,5475.352684862521,1915.8895588980065,1305.4295856987321,2.0,671.7287517732942,AK,0,0,1,0,0,0,0,0,0,0,0,0,0,0,0,1,0,0,0,1,0,0,0,0,0,0,0,0,0,0,0,0,0,0,0,0,0,0,0,0,1,0,0,0,0,0,0,0,RESTAURANT,0,0,0,0,0,0,0,0,0,0,0,0,0,False,0,0,0,1,0,0,0,summer,1.0,0.0,0.0,0.0,0.0,0.0,0.0,0.0,0.0,0.0,0.0,0.0,0.0,0.0,0.0,0.0,0.0,0.0,0.0,0.0,0.0,0.0,0.0,0.0,0.0,0.0,0.0,0.0,0.0,0.0,0.0,0.0,0.0,0.0,0.0,0.0,0.0,0.0,0.0,0.0,0.0,0.0,0.0,0.0,0.0,0.0,0.0,0.0,0.0,0.0,0.0,1.0,0.0,0.0,0.0,0.0,0.0,1.0,0.0,0.0,0.0,0.0,0.0,0.0,0.0,1.0,0.0,0.0,0.0,0.0,0.0,0.04511805892084287,0.0,1350.0,0.7407407407407407,7.901377353792616,0.13745264648169805,335.8643758866471,2.8521773913060247,335.8643758866471,0,0
K2 Aviation - Tesla Destination,Talkeetna,62.321105,-150.105724,"[""""TESLA""""]",0.0,1.0,0.0,free,INN,Tesla Destination,7.0,110677.0,90625.0,1,AK,2700.0,900.0,10600.0,845.492534810896,268.9741399180821,1297.9681053187335,2.0,111.96431405186706,AK,0,0,1,0,0,0,0,0,0,0,0,0,0,0,0,0,1,0,0,0,0,0,0,0,0,0,1,0,0,0,0,0,0,0,0,0,0,0,0,0,0,0,0,0,0,0,1,0,Other,0,0,0,0,0,0,0,0,1,0,0,0,0,True,0,0,0,0,0,0,0,summer,1.0,0.0,0.0,0.0,0.0,0.0,0.0,0.0,0.0,0.0,0.0,0.0,0.0,0.0,0.0,0.0,0.0,0.0,0.0,0.0,0.0,0.0,0.0,0.0,0.0,0.0,0.0,0.0,0.0,0.0,0.0,0.0,0.0,0.0,0.0,0.0,0.0,0.0,0.0,0.0,0.0,0.0,0.0,0.0,0.0,0.0,0.0,0.0,0.0,0.0,0.0,1.0,0.0,0.0,0.0,0.0,0.0,1.0,0.0,0.0,0.0,0.0,0.0,0.0,0.0,1.0,0.0,0.0,0.0,0.0,0.0,0.024395312485882344,0.0,1350.0,0.7407407407407407,7.901377353792616,0.1270912732642178,55.98215702593353,2.4023202588771344,55.98215702593353,0,1
Statter Harbor,Juneau,58.386698,-134.646337,"[""""J1772""""]",0.0,1.0,0.0,free,PAY_LOT,Non-Networked,6.0,31969.0,100513.0,1,AK,2700.0,900.0,10600.0,840.9272278583043,268.58327668394753,1297.9681053187335,2.0,111.74487864283165,AK,1,0,0,0,0,0,0,0,0,0,1,0,0,0,0,0,0,0,0,0,0,0,0,0,0,0,1,0,0,0,0,0,0,0,0,0,0,0,0,0,0,0,0,0,0,0,0,0,Other,0,0,0,0,0,0,0,0,0,0,0,0,0,True,0,0,0,0,0,0,0,summer,1.0,0.0,0.0,0.0,0.0,0.0,0.0,0.0,0.0,0.0,0.0,0.0,0.0,0.0,0.0,0.0,0.0,0.0,0.0,0.0,0.0,0.0,0.0,0.0,0.0,0.0,0.0,0.0,0.0,0.0,0.0,0.0,0.0,0.0,0.0,0.0,0.0,0.0,0.0,0.0,0.0,0.0,0.0,0.0,0.0,0.0,0.0,0.0,0.0,0.0,0.0,1.0,0.0,0.0,0.0,0.0,0.0,1.0,0.0,0.0,0.0,0.0,0.0,0.0,1.0,0.0,0.0,0.0,0.0,0.0,0.0,0.0844568175419938,0.0,1350.0,0.7407407407407407,7.901377353792616,0.15712202579227352,55.872439321415825,2.403539920092588,55.872439321415825,0,1
Three Bears - Trapper Creek,Trapper Creek,62.3140587708694,-150.232078516519,"[""CHADEMO"",""J1772"",""J1772COMBO""]",0.0,2.0,4.0,,CAR_DEALER,EVGATEWAY,9.0,110677.0,90625.0,1,AK,2700.0,900.0,10600.0,11132.49502565494,3444.7542179307115,1297.9681053187335,2.0,1357.4824434869724,AK,1,1,0,0,0,0,0,0,0,0,0,1,0,0,0,0,0,0,0,1,0,0,0,0,0,0,0,0,0,1,0,0,0,0,0,0,0,0,0,0,0,0,0,0,0,0,0,0,Other,0,1,0,0,0,0,0,0,0,0,0,0,0,True,0,0,0,0,0,0,0,fall,1.0,0.0,0.0,0.0,0.0,0.0,0.0,0.0,0.0,0.0,0.0,0.0,0.0,0.0,0.0,0.0,0.0,0.0,0.0,0.0,0.0,0.0,0.0,0.0,0.0,0.0,0.0,0.0,0.0,0.0,0.0,0.0,0.0,0.0,0.0,0.0,0.0,0.0,0.0,0.0,0.0,0.0,0.0,0.0,0.0,0.0,0.0,0.0,0.0,0.0,0.0,1.0,0.0,0.0,0.0,1.0,0.0,0.0,0.0,0.0,0.0,0.0,0.0,0.0,0.0,0.0,0.0,1.0,0.0,0.0,0.0,0.024395312485882344,0.0,1350.0,0.7407407407407407,7.901377353792616,0.1270912732642178,678.7412217434862,2.5376049866856127,678.7412217434862,1,0
Eaglecrest Ski Area,Juneau,58.276263,-134.514818,"[""""J1772""""]",0.0,2.0,0.0,free,PARKING_LOT,Non-Networked,6.0,31969.0,100513.0,1,AK,2700.0,900.0,10600.0,840.9272278583043,268.58327668394753,1297.9681053187335,2.0,111.74487864283165,AK,1,0,0,0,0,0,0,0,0,0,1,0,0,0,0,0,0,0,0,0,0,0,0,0,0,0,1,0,0,0,1,0,0,0,0,0,0,0,0,0,0,0,0,0,0,0,0,0,PARKING_LOT,0,0,0,0,0,0,0,0,0,0,0,0,0,False,0,1,0,0,0,0,0,summer,1.0,0.0,0.0,0.0,0.0,0.0,0.0,0.0,0.0,0.0,0.0,0.0,0.0,0.0,0.0,0.0,0.0,0.0,0.0,0.0,0.0,0.0,0.0,0.0,0.0,0.0,0.0,0.0,0.0,0.0,0.0,0.0,0.0,0.0,0.0,0.0,0.0,0.0,0.0,0.0,0.0,0.0,0.0,0.0,0.0,0.0,0.0,0.0,0.0,0.0,0.0,1.0,0.0,0.0,0.0,0.0,0.0,1.0,0.0,0.0,0.0,0.0,0.0,0.0,1.0,0.0,0.0,0.0,0.0,0.0,0.0,0.0844568175419938,0.0,1350.0,0.7407407407407407,7.901377353792616,0.15712202579227352,55.872439321415825,2.403539920092588,55.872439321415825,0,1
Three Bears - Birchwood,Chugiak,61.403764,-149.466817,"[""CHADEMO"",""J1772"",""J1772COMBO""]",0.0,2.0,4.0,,CAR_DEALER,EVGATEWAY,9.0,289069.0,98152.0,1,AK,2700.0,900.0,10600.0,11142.646517884434,3443.238535327604,1298.1086474246722,2.0,1362.4591935764872,AK,1,1,0,0,0,0,0,0,0,0,0,1,0,0,0,0,0,0,0,1,0,0,0,0,0,0,0,0,0,1,0,0,0,0,0,0,0,0,0,0,0,0,0,0,0,0,0,0,Other,0,1,0,0,0,0,0,0,0,0,0,0,0,True,0,0,0,0,0,0,0,fall,1.0,0.0,0.0,0.0,0.0,0.0,0.0,0.0,0.0,0.0,0.0,0.0,0.0,0.0,0.0,0.0,0.0,0.0,0.0,0.0,0.0,0.0,0.0,0.0,0.0,0.0,0.0,0.0,0.0,0.0,0.0,0.0,0.0,0.0,0.0,0.0,0.0,0.0,0.0,0.0,0.0,0.0,0.0,0.0,0.0,0.0,0.0,0.0,0.0,0.0,0.0,1.0,0.0,0.0,0.0,1.0,0.0,0.0,0.0,0.0,0.0,0.0,0.0,0.0,0.0,0.0,0.0,1.0,0.0,0.0,0.0,0.009340330509324764,0.0,1350.0,0.7407407407407407,7.901377353792616,0.11956378227593899,681.2295967882436,2.527223238362848,681.2295967882436,1,0
"Chugiak, AK - Tesla Supercharger",Chugiak,61.403335,-149.467864,"[""J1772COMBO"",""TESLA""]",0.0,0.0,8.0,,GAS_STATION,Tesla,7.0,289069.0,98152.0,1,AK,2700.0,900.0,10600.0,11142.646517884434,3443.238535327604,1298.1086474246722,2.0,1362.4591935764872,AK,0,1,1,0,0,0,0,0,0,0,0,0,0,0,0,1,0,0,0,1,0,0,0,0,0,0,0,0,0,0,0,0,0,0,0,0,0,0,0,0,0,1,0,0,0,0,0,0,GAS_STATION,0,0,0,0,1,0,0,0,0,0,0,0,0,False,0,0,0,0,0,0,0,summer,1.0,0.0,0.0,0.0,0.0,0.0,0.0,0.0,0.0,0.0,0.0,0.0,0.0,0.0,0.0,0.0,0.0,0.0,0.0,0.0,0.0,0.0,0.0,0.0,0.0,0.0,0.0,0.0,0.0,0.0,0.0,0.0,0.0,0.0,0.0,0.0,0.0,0.0,0.0,0.0,0.0,0.0,0.0,0.0,0.0,0.0,0.0,0.0,0.0,0.0,0.0,1.0,0.0,0.0,0.0,0.0,0.0,1.0,0.0,0.0,0.0,0.0,0.0,0.0,0.0,1.0,0.0,0.0,0.0,0.0,0.0,0.009340330509324764,0.0,1350.0,0.7407407407407407,7.901377353792616,0.11956378227593899,681.2295967882436,2.527223238362848,681.2295967882436,1,0
Jack River Properties Alaska,Cantwell,63.387814,-148.904116,"[""CHADEMO"",""J1772"",""J1772COMBO""]",0.0,1.0,1.0,,RESTAURANT,FLO,9.0,2029.0,88935.0,1,AK,2700.0,900.0,10600.0,11132.49502565494,3444.7542179307115,1297.9681053187335,2.0,1357.4824434869724,AK,1,1,0,0,0,0,0,0,1,0,0,0,0,0,0,0,0,0,0,0,0,0,0,0,0,0,1,0,0,0,0,0,0,0,0,0,0,0,0,0,1,0,0,0,0,0,0,0,Other,0,0,0,0,0,0,0,0,0,0,0,0,0,True,0,0,0,1,0,0,0,fall,1.0,0.0,0.0,0.0,0.0,0.0,0.0,0.0,0.0,0.0,0.0,0.0,0.0,0.0,0.0,0.0,0.0,0.0,0.0,0.0,0.0,0.0,0.0,0.0,0.0,0.0,0.0,0.0,0.0,0.0,0.0,0.0,0.0,0.0,0.0,0.0,0.0,0.0,0.0,0.0,0.0,0.0,0.0,0.0,0.0,0.0,0.0,0.0,0.0,0.0,0.0,1.0,0.0,0.0,0.0,1.0,0.0,0.0,0.0,0.0,0.0,0.0,0.0,0.0,0.0,0.0,0.0,1.0,0.0,0.0,0.0,1.330704780680138,0.0,1350.0,0.7407407407407407,7.901377353792616,0.7802460073613456,678.7412217434862,2.5376049866856127,678.7412217434862,1,0
MOA RUSTIC GOAT,Anchorage,61.195135,-149.936129,"[""""J1772""""]",0.0,2.0,0.0,,RESTAURANT,ChargePoint Network,9.0,289069.0,98152.0,1,AK,2700.0,900.0,10600.0,840.0316487379688,267.7132164908391,1298.1086474246722,2.0,111.6378919949375,AK,1,0,0,0,0,1,0,0,0,0,0,0,0,0,0,0,0,0,0,0,0,0,0,0,0,0,1,0,0,0,0,0,0,0,0,0,0,0,0,0,1,0,0,0,0,0,0,0,Other,0,0,0,0,0,0,0,0,0,0,0,0,0,True,0,0,0,1,0,0,0,fall,1.0,0.0,0.0,0.0,0.0,0.0,0.0,0.0,0.0,0.0,0.0,0.0,0.0,0.0,0.0,0.0,0.0,0.0,0.0,0.0,0.0,0.0,0.0,0.0,0.0,0.0,0.0,0.0,0.0,0.0,0.0,0.0,0.0,0.0,0.0,0.0,0.0,0.0,0.0,0.0,0.0,0.0,0.0,0.0,0.0,0.0,0.0,0.0,0.0,0.0,0.0,1.0,0.0,0.0,0.0,1.0,0.0,0.0,0.0,0.0,0.0,0.0,0.0,0.0,0.0,0.0,0.0,1.0,0.0,0.0,0.0,0.009340330509324764,0.0,1350.0,0.7407407407407407,7.901377353792616,0.11956378227593899,55.81894599746875,2.398049727622761,55.81894599746875,0,1
Kendall Ford of Anchorage,Anchorage,61.2027930602396,-149.870016273575,"[""""J1772""""]",0.0,6.0,0.0,,RESTAURANT,Blink Network,9.0,289069.0,98152.0,1,AK,2700.0,900.0,10600.0,840.0316487379688,267.7132164908391,1298.1086474246722,2.0,111.6378919949375,AK,1,0,0,0,1,0,0,0,0,0,0,0,0,0,0,0,0,0,0,0,0,0,0,0,0,0,1,0,0,0,0,0,0,0,0,0,0,0,0,0,1,0,0,0,0,0,0,0,Other,0,0,0,0,0,0,0,0,0,0,0,0,0,True,0,0,0,1,0,0,0,fall,1.0,0.0,0.0,0.0,0.0,0.0,0.0,0.0,0.0,0.0,0.0,0.0,0.0,0.0,0.0,0.0,0.0,0.0,0.0,0.0,0.0,0.0,0.0,0.0,0.0,0.0,0.0,0.0,0.0,0.0,0.0,0.0,0.0,0.0,0.0,0.0,0.0,0.0,0.0,0.0,0.0,0.0,0.0,0.0,0.0,0.0,0.0,0.0,0.0,0.0,0.0,1.0,0.0,0.0,0.0,1.0,0.0,0.0,0.0,0.0,0.0,0.0,0.0,0.0,0.0,0.0,0.0,1.0,0.0,0.0,0.0,0.009340330509324764,0.0,1350.0,0.7407407407407407,7.901377353792616,0.11956378227593899,55.81894599746875,2.398049727622761,55.81894599746875,0,1
IBEW EV CHARGER STATION 1,Anchorage,61.18973,-149.876074,"[""""J1772""""]",0.0,2.0,0.0,,RESTAURANT,ChargePoint Network,9.0,289069.0,98152.0,1,AK,2700.0,900.0,10600.0,840.0316487379688,267.7132164908391,1298.1086474246722,2.0,111.6378919949375,AK,1,0,0,0,0,1,0,0,0,0,0,0,0,0,0,0,0,0,0,0,0,0,0,0,0,0,1,0,0,0,0,0,0,0,0,0,0,0,0,0,1,0,0,0,0,0,0,0,Other,0,0,0,0,0,0,0,0,0,0,0,0,0,True,0,0,0,1,0,0,0,fall,1.0,0.0,0.0,0.0,0.0,0.0,0.0,0.0,0.0,0.0,0.0,0.0,0.0,0.0,0.0,0.0,0.0,0.0,0.0,0.0,0.0,0.0,0.0,0.0,0.0,0.0,0.0,0.0,0.0,0.0,0.0,0.0,0.0,0.0,0.0,0.0,0.0,0.0,0.0,0.0,0.0,0.0,0.0,0.0,0.0,0.0,0.0,0.0,0.0,0.0,0.0,1.0,0.0,0.0,0.0,1.0,0.0,0.0,0.0,0.0,0.0,0.0,0.0,0.0,0.0,0.0,0.0,1.0,0.0,0.0,0.0,0.009340330509324764,0.0,1350.0,0.7407407407407407,7.901377353792616,0.11956378227593899,55.81894599746875,2.398049727622761,55.81894599746875,0,1
Cordova Center - Lower,Cordova,60.54447,-145.759782,"[""""J1772""""]",0.0,2.0,0.0,free,MUNI_GOV,Non-Networked,6.0,59843.0,98152.0,1,AK,2700.0,900.0,10600.0,840.9272278583043,268.58327668394753,1297.9681053187335,2.0,111.74487864283165,AK,1,0,0,0,0,0,0,0,0,0,1,0,0,0,0,0,0,0,0,0,0,0,0,0,0,0,1,0,0,0,0,0,0,0,0,1,0,0,0,0,0,0,0,0,0,0,0,0,MUNI_GOV,0,0,0,0,0,0,0,0,0,0,1,0,0,False,0,0,0,0,0,0,0,summer,1.0,0.0,0.0,0.0,0.0,0.0,0.0,0.0,0.0,0.0,0.0,0.0,0.0,0.0,0.0,0.0,0.0,0.0,0.0,0.0,0.0,0.0,0.0,0.0,0.0,0.0,0.0,0.0,0.0,0.0,0.0,0.0,0.0,0.0,0.0,0.0,0.0,0.0,0.0,0.0,0.0,0.0,0.0,0.0,0.0,0.0,0.0,0.0,0.0,0.0,0.0,1.0,0.0,0.0,0.0,0.0,0.0,1.0,0.0,0.0,0.0,0.0,0.0,0.0,1.0,0.0,0.0,0.0,0.0,0.0,0.0,0.04511805892084287,0.0,1350.0,0.7407407407407407,7.901377353792616,0.13745264648169805,55.872439321415825,2.403539920092588,55.872439321415825,0,1
DIMOND CENTER WEST PARKING,Anchorage,61.143196,-149.87144,"[""""J1772""""]",0.0,2.0,0.0,,RESTAURANT,ChargePoint Network,9.0,289069.0,98152.0,1,AK,2700.0,900.0,10600.0,840.0316487379688,267.7132164908391,1298.1086474246722,2.0,111.6378919949375,AK,1,0,0,0,0,1,0,0,0,0,0,0,0,0,0,0,0,0,0,0,0,0,0,0,0,0,1,0,0,0,0,0,0,0,0,0,0,0,0,0,1,0,0,0,0,0,0,0,Other,0,0,0,0,0,0,0,0,0,0,0,0,0,True,0,0,0,1,0,0,0,fall,1.0,0.0,0.0,0.0,0.0,0.0,0.0,0.0,0.0,0.0,0.0,0.0,0.0,0.0,0.0,0.0,0.0,0.0,0.0,0.0,0.0,0.0,0.0,0.0,0.0,0.0,0.0,0.0,0.0,0.0,0.0,0.0,0.0,0.0,0.0,0.0,0.0,0.0,0.0,0.0,0.0,0.0,0.0,0.0,0.0,0.0,0.0,0.0,0.0,0.0,0.0,1.0,0.0,0.0,0.0,1.0,0.0,0.0,0.0,0.0,0.0,0.0,0.0,0.0,0.0,0.0,0.0,1.0,0.0,0.0,0.0,0.009340330509324764,0.0,1350.0,0.7407407407407407,7.901377353792616,0.11956378227593899,55.81894599746875,2.398049727622761,55.81894599746875,0,1
CHUGACH NORTH CEA PUBLIC,Anchorage,61.22133,-149.862649,"[""""J1772""""]",0.0,2.0,0.0,,RESTAURANT,ChargePoint Network,9.0,289069.0,98152.0,1,AK,2700.0,900.0,10600.0,840.0316487379688,267.7132164908391,1298.1086474246722,2.0,111.6378919949375,AK,1,0,0,0,0,1,0,0,0,0,0,0,0,0,0,0,0,0,0,0,0,0,0,0,0,0,1,0,0,0,0,0,0,0,0,0,0,0,0,0,1,0,0,0,0,0,0,0,Other,0,0,0,0,0,0,0,0,0,0,0,0,0,True,0,0,0,1,0,0,0,fall,1.0,0.0,0.0,0.0,0.0,0.0,0.0,0.0,0.0,0.0,0.0,0.0,0.0,0.0,0.0,0.0,0.0,0.0,0.0,0.0,0.0,0.0,0.0,0.0,0.0,0.0,0.0,0.0,0.0,0.0,0.0,0.0,0.0,0.0,0.0,0.0,0.0,0.0,0.0,0.0,0.0,0.0,0.0,0.0,0.0,0.0,0.0,0.0,0.0,0.0,0.0,1.0,0.0,0.0,0.0,1.0,0.0,0.0,0.0,0.0,0.0,0.0,0.0,0.0,0.0,0.0,0.0,1.0,0.0,0.0,0.0,0.009340330509324764,0.0,1350.0,0.7407407407407407,7.901377353792616,0.11956378227593899,55.81894599746875,2.398049727622761,55.81894599746875,0,1
EasyPark - 7th & G Garage,Anchorage,61.215914,-149.895848,"[""""J1772""""]",0.0,1.0,0.0,free,PAY_GARAGE,Non-Networked,3.0,289069.0,98152.0,1,AK,2700.0,900.0,10600.0,840.0316487379688,267.7132164908391,1298.1086474246722,2.0,111.6378919949375,AK,1,0,0,0,0,0,0,0,0,0,1,0,0,0,0,0,0,0,0,0,0,0,0,0,0,0,1,0,0,0,0,0,0,0,0,0,0,0,0,0,0,0,0,0,0,0,0,0,Other,0,0,0,0,0,0,0,0,0,0,0,0,0,True,0,0,0,0,0,0,0,spring,1.0,0.0,0.0,0.0,0.0,0.0,0.0,0.0,0.0,0.0,0.0,0.0,0.0,0.0,0.0,0.0,0.0,0.0,0.0,0.0,0.0,0.0,0.0,0.0,0.0,0.0,0.0,0.0,0.0,0.0,0.0,0.0,0.0,0.0,0.0,0.0,0.0,0.0,0.0,0.0,0.0,0.0,0.0,0.0,0.0,0.0,0.0,0.0,0.0,0.0,0.0,1.0,0.0,0.0,0.0,0.0,1.0,0.0,0.0,0.0,0.0,1.0,0.0,0.0,0.0,0.0,0.0,0.0,0.0,0.0,0.0,0.009340330509324764,0.0,1350.0,0.7407407407407407,7.901377353792616,0.11956378227593899,55.81894599746875,2.398049727622761,55.81894599746875,0,1
49th State Brewing Company - Tesla Destination,Anchorage,61.21963,-149.89592,"[""""TESLA""""]",0.0,1.0,0.0,free,INN,Tesla Destination,7.0,289069.0,98152.0,1,AK,2700.0,900.0,10600.0,840.0316487379688,267.7132164908391,1298.1086474246722,2.0,111.6378919949375,AK,0,0,1,0,0,0,0,0,0,0,0,0,0,0,0,0,1,0,0,0,0,0,0,0,0,0,1,0,0,0,0,0,0,0,0,0,0,0,0,0,0,0,0,0,0,0,1,0,Other,0,0,0,0,0,0,0,0,1,0,0,0,0,True,0,0,0,0,0,0,0,summer,1.0,0.0,0.0,0.0,0.0,0.0,0.0,0.0,0.0,0.0,0.0,0.0,0.0,0.0,0.0,0.0,0.0,0.0,0.0,0.0,0.0,0.0,0.0,0.0,0.0,0.0,0.0,0.0,0.0,0.0,0.0,0.0,0.0,0.0,0.0,0.0,0.0,0.0,0.0,0.0,0.0,0.0,0.0,0.0,0.0,0.0,0.0,0.0,0.0,0.0,0.0,1.0,0.0,0.0,0.0,0.0,0.0,1.0,0.0,0.0,0.0,0.0,0.0,0.0,0.0,1.0,0.0,0.0,0.0,0.0,0.0,0.009340330509324764,0.0,1350.0,0.7407407407407407,7.901377353792616,0.11956378227593899,55.81894599746875,2.398049727622761,55.81894599746875,0,1
EasyPark Susitna Parking Lot,Anchorage,61.2172294401134,-149.89885532938,"[""""J1772""""]",0.0,1.0,0.0,,PARKING_LOT,Non-Networked,8.0,289069.0,98152.0,1,Alaska,2700.0,900.0,10600.0,840.0316487379688,267.7132164908391,1298.1086474246722,2.0,111.6378919949375,AK,1,0,0,0,0,0,0,0,0,0,1,0,0,0,0,0,0,0,0,0,0,0,0,0,0,0,1,0,0,0,1,0,0,0,0,0,0,0,0,0,0,0,0,0,0,0,0,0,PARKING_LOT,0,0,0,0,0,0,0,0,0,0,0,0,0,False,0,1,0,0,0,0,0,summer,1.0,0.0,0.0,0.0,0.0,0.0,0.0,0.0,0.0,0.0,0.0,0.0,0.0,0.0,0.0,0.0,0.0,0.0,0.0,0.0,0.0,0.0,0.0,0.0,0.0,0.0,0.0,0.0,0.0,0.0,0.0,0.0,0.0,0.0,0.0,0.0,0.0,0.0,0.0,0.0,0.0,0.0,0.0,0.0,0.0,0.0,0.0,0.0,0.0,0.0,0.0,1.0,0.0,0.0,0.0,0.0,0.0,1.0,0.0,0.0,0.0,0.0,0.0,0.0,0.0,0.0,1.0,0.0,0.0,0.0,0.0,0.009340330509324764,0.0,1350.0,0.7407407407407407,7.901377353792616,0.11956378227593899,55.81894599746875,2.398049727622761,55.81894599746875,0,1
Anchorage Point S,Anchorage,61.1778809870228,-149.867371123044,"[""""TESLA""""]",0.0,1.0,0.0,free,OTHER,Non-Networked,6.0,289069.0,98152.0,1,Alaska,2700.0,900.0,10600.0,840.0316487379688,267.7132164908391,1298.1086474246722,2.0,111.6378919949375,AK,0,0,1,0,0,0,0,0,0,0,1,0,0,0,0,0,0,0,0,0,0,0,0,0,0,0,1,0,0,0,0,0,0,0,0,0,1,0,0,0,0,0,0,0,0,0,0,0,OTHER,0,0,0,0,0,0,0,0,0,0,0,0,1,False,0,0,0,0,0,0,0,summer,1.0,0.0,0.0,0.0,0.0,0.0,0.0,0.0,0.0,0.0,0.0,0.0,0.0,0.0,0.0,0.0,0.0,0.0,0.0,0.0,0.0,0.0,0.0,0.0,0.0,0.0,0.0,0.0,0.0,0.0,0.0,0.0,0.0,0.0,0.0,0.0,0.0,0.0,0.0,0.0,0.0,0.0,0.0,0.0,0.0,0.0,0.0,0.0,0.0,0.0,0.0,1.0,0.0,0.0,0.0,0.0,0.0,1.0,0.0,0.0,0.0,0.0,0.0,0.0,1.0,0.0,0.0,0.0,0.0,0.0,0.0,0.009340330509324764,0.0,1350.0,0.7407407407407407,7.901377353792616,0.11956378227593899,55.81894599746875,2.398049727622761,55.81894599746875,0,1
Mendenhall Valley Public Library,Juneau,58.377567,-134.589689,"[""""J1772""""]",0.0,2.0,0.0,free,LIBRARY,Non-Networked,6.0,31969.0,100513.0,1,AK,2700.0,900.0,10600.0,840.9272278583043,268.58327668394753,1297.9681053187335,2.0,111.74487864283165,AK,1,0,0,0,0,0,0,0,0,0,1,0,0,0,0,0,0,0,0,0,0,0,0,0,0,0,1,0,0,0,0,0,0,0,0,0,0,0,0,0,0,0,0,0,0,0,0,0,Other,0,0,0,0,0,0,0,0,0,0,0,0,0,True,0,0,0,0,0,0,0,summer,1.0,0.0,0.0,0.0,0.0,0.0,0.0,0.0,0.0,0.0,0.0,0.0,0.0,0.0,0.0,0.0,0.0,0.0,0.0,0.0,0.0,0.0,0.0,0.0,0.0,0.0,0.0,0.0,0.0,0.0,0.0,0.0,0.0,0.0,0.0,0.0,0.0,0.0,0.0,0.0,0.0,0.0,0.0,0.0,0.0,0.0,0.0,0.0,0.0,0.0,0.0,1.0,0.0,0.0,0.0,0.0,0.0,1.0,0.0,0.0,0.0,0.0,0.0,0.0,1.0,0.0,0.0,0.0,0.0,0.0,0.0,0.0844568175419938,0.0,1350.0,0.7407407407407407,7.901377353792616,0.15712202579227352,55.872439321415825,2.403539920092588,55.872439321415825,0,1
DIMOND CENTER EAST TOWER,Anchorage,61.142628,-149.86609,"[""CHADEMO"",""J1772COMBO""]",0.0,0.0,1.0,,UTILITY,ChargePoint Network,9.0,289069.0,98152.0,1,AK,2700.0,900.0,10600.0,11142.646517884434,3443.238535327604,1298.1086474246722,2.0,1362.4591935764872,AK,0,1,0,0,0,1,0,0,0,0,0,0,0,0,0,0,0,0,0,1,0,0,0,0,0,0,0,0,0,0,0,0,0,0,0,0,0,0,0,0,0,0,0,1,0,0,0,0,Other,0,0,0,0,0,0,0,0,0,0,0,0,0,True,0,0,0,0,0,0,1,fall,1.0,0.0,0.0,0.0,0.0,0.0,0.0,0.0,0.0,0.0,0.0,0.0,0.0,0.0,0.0,0.0,0.0,0.0,0.0,0.0,0.0,0.0,0.0,0.0,0.0,0.0,0.0,0.0,0.0,0.0,0.0,0.0,0.0,0.0,0.0,0.0,0.0,0.0,0.0,0.0,0.0,0.0,0.0,0.0,0.0,0.0,0.0,0.0,0.0,0.0,0.0,1.0,0.0,0.0,0.0,1.0,0.0,0.0,0.0,0.0,0.0,0.0,0.0,0.0,0.0,0.0,0.0,1.0,0.0,0.0,0.0,0.009340330509324764,0.0,1350.0,0.7407407407407407,7.901377353792616,0.11956378227593899,681.2295967882436,2.527223238362848,681.2295967882436,1,0
Cordova Center - Upper,Cordova,60.544088,-145.759026,"[""""J1772""""]",0.0,2.0,0.0,free,MUNI_GOV,Non-Networked,6.0,59843.0,98152.0,1,AK,2700.0,900.0,10600.0,840.9272278583043,268.58327668394753,1297.9681053187335,2.0,111.74487864283165,AK,1,0,0,0,0,0,0,0,0,0,1,0,0,0,0,0,0,0,0,0,0,0,0,0,0,0,1,0,0,0,0,0,0,0,0,1,0,0,0,0,0,0,0,0,0,0,0,0,MUNI_GOV,0,0,0,0,0,0,0,0,0,0,1,0,0,False,0,0,0,0,0,0,0,summer,1.0,0.0,0.0,0.0,0.0,0.0,0.0,0.0,0.0,0.0,0.0,0.0,0.0,0.0,0.0,0.0,0.0,0.0,0.0,0.0,0.0,0.0,0.0,0.0,0.0,0.0,0.0,0.0,0.0,0.0,0.0,0.0,0.0,0.0,0.0,0.0,0.0,0.0,0.0,0.0,0.0,0.0,0.0,0.0,0.0,0.0,0.0,0.0,0.0,0.0,0.0,1.0,0.0,0.0,0.0,0.0,0.0,1.0,0.0,0.0,0.0,0.0,0.0,0.0,1.0,0.0,0.0,0.0,0.0,0.0,0.0,0.04511805892084287,0.0,1350.0,0.7407407407407407,7.901377353792616,0.13745264648169805,55.872439321415825,2.403539920092588,55.872439321415825,0,1
Avis Anchorage,Anchorage,61.16085,-149.86374,"[""""J1772""""]",0.0,4.0,0.0,,FLEET_GARAGE,TURNONGREEN,9.0,289069.0,98152.0,1,AK,2700.0,900.0,10600.0,840.0316487379688,267.7132164908391,1298.1086474246722,2.0,111.6378919949375,AK,1,0,0,0,0,0,0,0,0,0,0,1,0,0,0,0,0,0,0,1,0,0,0,0,0,0,0,0,0,0,0,0,0,0,0,0,0,0,0,0,0,0,0,0,0,0,0,0,Other,0,0,0,0,0,0,0,0,0,0,0,0,0,True,0,0,0,0,0,0,0,fall,1.0,0.0,0.0,0.0,0.0,0.0,0.0,0.0,0.0,0.0,0.0,0.0,0.0,0.0,0.0,0.0,0.0,0.0,0.0,0.0,0.0,0.0,0.0,0.0,0.0,0.0,0.0,0.0,0.0,0.0,0.0,0.0,0.0,0.0,0.0,0.0,0.0,0.0,0.0,0.0,0.0,0.0,0.0,0.0,0.0,0.0,0.0,0.0,0.0,0.0,0.0,1.0,0.0,0.0,0.0,1.0,0.0,0.0,0.0,0.0,0.0,0.0,0.0,0.0,0.0,0.0,0.0,1.0,0.0,0.0,0.0,0.009340330509324764,0.0,1350.0,0.7407407407407407,7.901377353792616,0.11956378227593899,55.81894599746875,2.398049727622761,55.81894599746875,0,1
ReCharge Alaska,Denali National Park and Preserve,63.4472560190725,-148.835063190423,"[""CHADEMO"",""J1772COMBO""]",0.0,0.0,1.0,$0.55 per kwh,NATL_PARK,Non-Networked,5.0,2029.0,88935.0,1,AK,2700.0,900.0,10600.0,11132.49502565494,3444.7542179307115,1297.9681053187335,2.0,1357.4824434869724,AK,0,1,0,0,0,0,0,0,0,0,1,0,0,0,0,0,0,0,0,1,0,0,0,0,0,0,0,0,0,0,0,0,0,0,0,0,0,0,0,0,0,0,0,0,0,0,0,0,Other,0,0,0,0,0,0,0,0,0,0,0,0,0,True,0,0,0,0,0,0,0,spring,1.0,0.0,0.0,0.0,0.0,0.0,0.0,0.0,0.0,0.0,0.0,0.0,0.0,0.0,0.0,0.0,0.0,0.0,0.0,0.0,0.0,0.0,0.0,0.0,0.0,0.0,0.0,0.0,0.0,0.0,0.0,0.0,0.0,0.0,0.0,0.0,0.0,0.0,0.0,0.0,0.0,0.0,0.0,0.0,0.0,0.0,0.0,0.0,0.0,0.0,0.0,1.0,0.0,0.0,0.0,0.0,1.0,0.0,0.0,0.0,0.0,0.0,0.0,1.0,0.0,0.0,0.0,0.0,0.0,0.0,0.0,1.330704780680138,0.0,1350.0,0.7407407407407407,7.901377353792616,0.7802460073613456,678.7412217434862,2.5376049866856127,678.7412217434862,1,0
ReCharge Alaska - Delta Junction,Delta Junction,64.0324140186103,-145.73188066993,"[""CHADEMO"",""J1772COMBO""]",0.0,0.0,2.0,$0.55 per kwh,PARKING_LOT,Non-Networked,2.0,6936.0,74223.0,1,AK,2700.0,900.0,10600.0,11132.49502565494,3444.7542179307115,1563.9970935081876,2.0,1357.4824434869724,AK,0,1,0,0,0,0,0,0,0,0,1,0,0,0,0,0,0,0,0,1,0,0,0,0,0,0,0,0,0,0,1,0,0,0,0,0,0,0,0,0,0,0,0,0,0,0,0,0,PARKING_LOT,0,0,0,0,0,0,0,0,0,0,0,0,0,False,0,1,0,0,0,0,0,winter,1.0,0.0,0.0,0.0,0.0,0.0,0.0,0.0,0.0,0.0,0.0,0.0,0.0,0.0,0.0,0.0,0.0,0.0,0.0,0.0,0.0,0.0,0.0,0.0,0.0,0.0,0.0,0.0,0.0,0.0,0.0,0.0,0.0,0.0,0.0,0.0,0.0,0.0,0.0,0.0,0.0,0.0,0.0,0.0,0.0,0.0,0.0,0.0,0.0,0.0,0.0,1.0,0.0,0.0,0.0,0.0,0.0,0.0,1.0,0.0,1.0,0.0,0.0,0.0,0.0,0.0,0.0,0.0,0.0,0.0,0.0,0.3892733564013841,0.0,1350.0,0.7407407407407407,7.901377353792616,0.3095302952219687,678.7412217434862,2.5376049866856127,678.7412217434862,1,0
Avis Juneau (Downtown),Juneau,58.28745,-134.38595,"[""""J1772""""]",0.0,2.0,0.0,,FLEET_GARAGE,TURNONGREEN,9.0,31969.0,100513.0,1,AK,2700.0,900.0,10600.0,840.9272278583043,268.58327668394753,1297.9681053187335,2.0,111.74487864283165,AK,1,0,0,0,0,0,0,0,0,0,0,1,0,0,0,0,0,0,0,1,0,0,0,0,0,0,0,0,0,0,0,0,0,0,0,0,0,0,0,0,0,0,0,0,0,0,0,0,Other,0,0,0,0,0,0,0,0,0,0,0,0,0,True,0,0,0,0,0,0,0,fall,1.0,0.0,0.0,0.0,0.0,0.0,0.0,0.0,0.0,0.0,0.0,0.0,0.0,0.0,0.0,0.0,0.0,0.0,0.0,0.0,0.0,0.0,0.0,0.0,0.0,0.0,0.0,0.0,0.0,0.0,0.0,0.0,0.0,0.0,0.0,0.0,0.0,0.0,0.0,0.0,0.0,0.0,0.0,0.0,0.0,0.0,0.0,0.0,0.0,0.0,0.0,1.0,0.0,0.0,0.0,1.0,0.0,0.0,0.0,0.0,0.0,0.0,0.0,0.0,0.0,0.0,0.0,1.0,0.0,0.0,0.0,0.0844568175419938,0.0,1350.0,0.7407407407407407,7.901377353792616,0.15712202579227352,55.872439321415825,2.403539920092588,55.872439321415825,0,1
Avis Juneau,Juneau,58.36072,-134.58827,"[""""J1772""""]",0.0,2.0,0.0,,FLEET_GARAGE,TURNONGREEN,9.0,31969.0,100513.0,1,AK,2700.0,900.0,10600.0,840.9272278583043,268.58327668394753,1297.9681053187335,2.0,111.74487864283165,AK,1,0,0,0,0,0,0,0,0,0,0,1,0,0,0,0,0,0,0,1,0,0,0,0,0,0,0,0,0,0,0,0,0,0,0,0,0,0,0,0,0,0,0,0,0,0,0,0,Other,0,0,0,0,0,0,0,0,0,0,0,0,0,True,0,0,0,0,0,0,0,fall,1.0,0.0,0.0,0.0,0.0,0.0,0.0,0.0,0.0,0.0,0.0,0.0,0.0,0.0,0.0,0.0,0.0,0.0,0.0,0.0,0.0,0.0,0.0,0.0,0.0,0.0,0.0,0.0,0.0,0.0,0.0,0.0,0.0,0.0,0.0,0.0,0.0,0.0,0.0,0.0,0.0,0.0,0.0,0.0,0.0,0.0,0.0,0.0,0.0,0.0,0.0,1.0,0.0,0.0,0.0,1.0,0.0,0.0,0.0,0.0,0.0,0.0,0.0,0.0,0.0,0.0,0.0,1.0,0.0,0.0,0.0,0.0844568175419938,0.0,1350.0,0.7407407407407407,7.901377353792616,0.15712202579227352,55.872439321415825,2.403539920092588,55.872439321415825,0,1
Rock Dump Indoor Climbing Gym,Juneau,58.288077,-134.388113,"[""""J1772""""]",0.0,1.0,0.0,free,REC_SPORTS_FACILITY,Non-Networked,8.0,31969.0,100513.0,1,Alaska,2700.0,900.0,10600.0,840.9272278583043,268.58327668394753,1297.9681053187335,2.0,111.74487864283165,AK,1,0,0,0,0,0,0,0,0,0,1,0,0,0,0,0,0,0,0,0,0,0,0,0,0,0,1,0,0,0,0,0,0,0,0,0,0,0,0,0,0,0,0,0,0,0,0,0,Other,0,0,0,0,0,0,0,0,0,0,0,0,0,True,0,0,0,0,0,0,0,summer,1.0,0.0,0.0,0.0,0.0,0.0,0.0,0.0,0.0,0.0,0.0,0.0,0.0,0.0,0.0,0.0,0.0,0.0,0.0,0.0,0.0,0.0,0.0,0.0,0.0,0.0,0.0,0.0,0.0,0.0,0.0,0.0,0.0,0.0,0.0,0.0,0.0,0.0,0.0,0.0,0.0,0.0,0.0,0.0,0.0,0.0,0.0,0.0,0.0,0.0,0.0,1.0,0.0,0.0,0.0,0.0,0.0,1.0,0.0,0.0,0.0,0.0,0.0,0.0,0.0,0.0,1.0,0.0,0.0,0.0,0.0,0.0844568175419938,0.0,1350.0,0.7407407407407407,7.901377353792616,0.15712202579227352,55.872439321415825,2.403539920092588,55.872439321415825,0,1
Douglas Library,Juneau,58.277018,-134.395039,"[""""J1772""""]",0.0,2.0,0.0,free,LIBRARY,Non-Networked,7.0,31969.0,100513.0,1,Alaska,2700.0,900.0,10600.0,840.9272278583043,268.58327668394753,1297.9681053187335,2.0,111.74487864283165,AK,1,0,0,0,0,0,0,0,0,0,1,0,0,0,0,0,0,0,0,0,0,0,0,0,0,0,1,0,0,0,0,0,0,0,0,0,0,0,0,0,0,0,0,0,0,0,0,0,Other,0,0,0,0,0,0,0,0,0,0,0,0,0,True,0,0,0,0,0,0,0,summer,1.0,0.0,0.0,0.0,0.0,0.0,0.0,0.0,0.0,0.0,0.0,0.0,0.0,0.0,0.0,0.0,0.0,0.0,0.0,0.0,0.0,0.0,0.0,0.0,0.0,0.0,0.0,0.0,0.0,0.0,0.0,0.0,0.0,0.0,0.0,0.0,0.0,0.0,0.0,0.0,0.0,0.0,0.0,0.0,0.0,0.0,0.0,0.0,0.0,0.0,0.0,1.0,0.0,0.0,0.0,0.0,0.0,1.0,0.0,0.0,0.0,0.0,0.0,0.0,0.0,1.0,0.0,0.0,0.0,0.0,0.0,0.0844568175419938,0.0,1350.0,0.7407407407407407,7.901377353792616,0.15712202579227352,55.872439321415825,2.403539920092588,55.872439321415825,0,1
Alaska Electric Light & Power,Juneau,58.354895,-134.495377,"[""""J1772""""]",0.0,2.0,0.0,free,UTILITY,Non-Networked,7.0,31969.0,100513.0,1,Alaska,2700.0,900.0,10600.0,840.9272278583043,268.58327668394753,1297.9681053187335,2.0,111.74487864283165,AK,1,0,0,0,0,0,0,0,0,0,1,0,0,0,0,0,0,0,0,0,0,0,0,0,0,0,1,0,0,0,0,0,0,0,0,0,0,0,0,0,0,0,0,1,0,0,0,0,UTILITY,0,0,0,0,0,0,0,0,0,0,0,0,0,False,0,0,0,0,0,0,1,summer,1.0,0.0,0.0,0.0,0.0,0.0,0.0,0.0,0.0,0.0,0.0,0.0,0.0,0.0,0.0,0.0,0.0,0.0,0.0,0.0,0.0,0.0,0.0,0.0,0.0,0.0,0.0,0.0,0.0,0.0,0.0,0.0,0.0,0.0,0.0,0.0,0.0,0.0,0.0,0.0,0.0,0.0,0.0,0.0,0.0,0.0,0.0,0.0,0.0,0.0,0.0,1.0,0.0,0.0,0.0,0.0,0.0,1.0,0.0,0.0,0.0,0.0,0.0,0.0,0.0,1.0,0.0,0.0,0.0,0.0,0.0,0.0844568175419938,0.0,1350.0,0.7407407407407407,7.901377353792616,0.15712202579227352,55.872439321415825,2.403539920092588,55.872439321415825,0,1
Art Shop Gallery - Tesla Destination,Homer,59.644708,-151.547288,"[""""TESLA""""]",0.0,1.0,0.0,free,INN,Tesla Destination,7.0,59843.0,77722.0,1,AK,2700.0,900.0,10600.0,849.8031215344921,270.70347948980145,1305.4295856987321,2.0,112.01124706878794,AK,0,0,1,0,0,0,0,0,0,0,0,0,0,0,0,0,1,0,0,0,0,0,0,0,0,0,1,0,0,0,0,0,0,0,0,0,0,0,0,0,0,0,0,0,0,0,1,0,Other,0,0,0,0,0,0,0,0,1,0,0,0,0,True,0,0,0,0,0,0,0,summer,1.0,0.0,0.0,0.0,0.0,0.0,0.0,0.0,0.0,0.0,0.0,0.0,0.0,0.0,0.0,0.0,0.0,0.0,0.0,0.0,0.0,0.0,0.0,0.0,0.0,0.0,0.0,0.0,0.0,0.0,0.0,0.0,0.0,0.0,0.0,0.0,0.0,0.0,0.0,0.0,0.0,0.0,0.0,0.0,0.0,0.0,0.0,0.0,0.0,0.0,0.0,1.0,0.0,0.0,0.0,0.0,0.0,1.0,0.0,0.0,0.0,0.0,0.0,0.0,0.0,1.0,0.0,0.0,0.0,0.0,0.0,0.04511805892084287,0.0,1350.0,0.7407407407407407,7.901377353792616,0.13745264648169805,56.00562353439397,2.4167526616640385,56.00562353439397,0,1
University of Alaska Southeast,Juneau,58.383902,-134.639236,"[""""J1772""""]",0.0,2.0,0.0,free,COLLEGE_CAMPUS,Non-Networked,6.0,31969.0,100513.0,1,Alaska,2700.0,900.0,10600.0,840.9272278583043,268.58327668394753,1297.9681053187335,2.0,111.74487864283165,AK,1,0,0,0,0,0,0,0,0,0,1,0,0,0,0,0,0,0,0,0,0,0,0,0,0,0,1,0,0,0,0,0,0,0,0,0,0,1,0,0,0,0,0,0,0,0,0,0,COLLEGE_CAMPUS,0,0,1,0,0,0,0,0,0,0,0,0,0,False,0,0,0,0,0,0,0,summer,1.0,0.0,0.0,0.0,0.0,0.0,0.0,0.0,0.0,0.0,0.0,0.0,0.0,0.0,0.0,0.0,0.0,0.0,0.0,0.0,0.0,0.0,0.0,0.0,0.0,0.0,0.0,0.0,0.0,0.0,0.0,0.0,0.0,0.0,0.0,0.0,0.0,0.0,0.0,0.0,0.0,0.0,0.0,0.0,0.0,0.0,0.0,0.0,0.0,0.0,0.0,1.0,0.0,0.0,0.0,0.0,0.0,1.0,0.0,0.0,0.0,0.0,0.0,0.0,1.0,0.0,0.0,0.0,0.0,0.0,0.0,0.0844568175419938,0.0,1350.0,0.7407407407407407,7.901377353792616,0.15712202579227352,55.872439321415825,2.403539920092588,55.872439321415825,0,1
Three Bears - Healy,Healy,63.8668138,-149.0209122,"[""CHADEMO"",""J1772"",""J1772COMBO""]",0.0,2.0,4.0,,CAR_DEALER,EVGATEWAY,9.0,2029.0,88935.0,1,AK,2700.0,900.0,10600.0,11132.49502565494,3444.7542179307115,1297.9681053187335,2.0,1357.4824434869724,AK,1,1,0,0,0,0,0,0,0,0,0,1,0,0,0,0,0,0,0,1,0,0,0,0,0,0,0,0,0,1,0,0,0,0,0,0,0,0,0,0,0,0,0,0,0,0,0,0,Other,0,1,0,0,0,0,0,0,0,0,0,0,0,True,0,0,0,0,0,0,0,fall,1.0,0.0,0.0,0.0,0.0,0.0,0.0,0.0,0.0,0.0,0.0,0.0,0.0,0.0,0.0,0.0,0.0,0.0,0.0,0.0,0.0,0.0,0.0,0.0,0.0,0.0,0.0,0.0,0.0,0.0,0.0,0.0,0.0,0.0,0.0,0.0,0.0,0.0,0.0,0.0,0.0,0.0,0.0,0.0,0.0,0.0,0.0,0.0,0.0,0.0,0.0,1.0,0.0,0.0,0.0,1.0,0.0,0.0,0.0,0.0,0.0,0.0,0.0,0.0,0.0,0.0,0.0,1.0,0.0,0.0,0.0,1.330704780680138,0.0,1350.0,0.7407407407407407,7.901377353792616,0.7802460073613456,678.7412217434862,2.5376049866856127,678.7412217434862,1,0
Treadwell Ice Arena,Douglas,58.27397,-134.390728,"[""""J1772""""]",0.0,1.0,0.0,free,PARKING_LOT,Non-Networked,6.0,31969.0,100513.0,1,AK,2700.0,900.0,10600.0,840.9272278583043,268.58327668394753,1297.9681053187335,2.0,111.74487864283165,AK,1,0,0,0,0,0,0,0,0,0,1,0,0,0,0,0,0,0,0,0,0,0,0,0,0,0,1,0,0,0,1,0,0,0,0,0,0,0,0,0,0,0,0,0,0,0,0,0,PARKING_LOT,0,0,0,0,0,0,0,0,0,0,0,0,0,False,0,1,0,0,0,0,0,summer,1.0,0.0,0.0,0.0,0.0,0.0,0.0,0.0,0.0,0.0,0.0,0.0,0.0,0.0,0.0,0.0,0.0,0.0,0.0,0.0,0.0,0.0,0.0,0.0,0.0,0.0,0.0,0.0,0.0,0.0,0.0,0.0,0.0,0.0,0.0,0.0,0.0,0.0,0.0,0.0,0.0,0.0,0.0,0.0,0.0,0.0,0.0,0.0,0.0,0.0,0.0,1.0,0.0,0.0,0.0,0.0,0.0,1.0,0.0,0.0,0.0,0.0,0.0,0.0,1.0,0.0,0.0,0.0,0.0,0.0,0.0,0.0844568175419938,0.0,1350.0,0.7407407407407407,7.901377353792616,0.15712202579227352,55.872439321415825,2.403539920092588,55.872439321415825,0,1
Homer Electric Association,Homer,59.6475050549438,-151.527279675839,"[""""J1772""""]",0.0,1.0,0.0,,UTILITY,Non-Networked,6.0,59843.0,77722.0,2,Alaska,2700.0,900.0,10600.0,849.8031215344921,270.70347948980145,1305.4295856987321,2.0,112.01124706878794,AK,1,0,0,0,0,0,0,0,0,0,1,0,0,0,0,0,0,0,0,0,0,0,0,0,0,0,1,0,0,0,0,0,0,0,0,0,0,0,0,0,0,0,0,1,0,0,0,0,UTILITY,0,0,0,0,0,0,0,0,0,0,0,0,0,False,0,0,0,0,0,0,1,summer,1.0,0.0,0.0,0.0,0.0,0.0,0.0,0.0,0.0,0.0,0.0,0.0,0.0,0.0,0.0,0.0,0.0,0.0,0.0,0.0,0.0,0.0,0.0,0.0,0.0,0.0,0.0,0.0,0.0,0.0,0.0,0.0,0.0,0.0,0.0,0.0,0.0,0.0,0.0,0.0,0.0,0.0,0.0,0.0,0.0,0.0,0.0,0.0,0.0,0.0,0.0,0.0,1.0,0.0,0.0,0.0,0.0,1.0,0.0,0.0,0.0,0.0,0.0,0.0,1.0,0.0,0.0,0.0,0.0,0.0,0.0,0.04511805892084287,0.0,1350.0,0.7407407407407407,7.901377353792616,0.13745264648169805,56.00562353439397,2.4167526616640385,56.00562353439397,0,1
Golden Valley Electric Fairbanks,Fairbanks,64.852466,-147.718578,"[""CHADEMO"",""J1772COMBO""]",0.0,0.0,2.0,,CAR_DEALER,FLO,9.0,95555.0,84722.0,1,AK,2700.0,900.0,10600.0,11132.49502565494,3444.7542179307115,1297.9681053187335,2.0,1357.4824434869724,AK,0,1,0,0,0,0,0,0,1,0,0,0,0,0,0,0,0,0,0,1,0,0,0,0,0,0,0,0,0,1,0,0,0,0,0,0,0,0,0,0,0,0,0,0,0,0,0,0,Other,0,1,0,0,0,0,0,0,0,0,0,0,0,True,0,0,0,0,0,0,0,fall,1.0,0.0,0.0,0.0,0.0,0.0,0.0,0.0,0.0,0.0,0.0,0.0,0.0,0.0,0.0,0.0,0.0,0.0,0.0,0.0,0.0,0.0,0.0,0.0,0.0,0.0,0.0,0.0,0.0,0.0,0.0,0.0,0.0,0.0,0.0,0.0,0.0,0.0,0.0,0.0,0.0,0.0,0.0,0.0,0.0,0.0,0.0,0.0,0.0,0.0,0.0,1.0,0.0,0.0,0.0,1.0,0.0,0.0,0.0,0.0,0.0,0.0,0.0,0.0,0.0,0.0,0.0,1.0,0.0,0.0,0.0,0.028255978232431585,0.0,1350.0,0.7407407407407407,7.901377353792616,0.1290216061374924,678.7412217434862,2.5376049866856127,678.7412217434862,1,0
VIP LOT CHARGER VIP LOT CHARGER,GIRDWOOD,60.971375,-149.098667,"[""""J1772""""]",0.0,2.0,0.0,,RESTAURANT,ChargePoint Network,9.0,289069.0,98152.0,1,AK,2700.0,900.0,10600.0,840.0316487379688,267.7132164908391,1298.1086474246722,2.0,111.6378919949375,AK,1,0,0,0,0,1,0,0,0,0,0,0,0,0,0,0,0,0,0,0,0,0,0,0,0,0,1,0,0,0,0,0,0,0,0,0,0,0,0,0,1,0,0,0,0,0,0,0,Other,0,0,0,0,0,0,0,0,0,0,0,0,0,True,0,0,0,1,0,0,0,fall,1.0,0.0,0.0,0.0,0.0,0.0,0.0,0.0,0.0,0.0,0.0,0.0,0.0,0.0,0.0,0.0,0.0,0.0,0.0,0.0,0.0,0.0,0.0,0.0,0.0,0.0,0.0,0.0,0.0,0.0,0.0,0.0,0.0,0.0,0.0,0.0,0.0,0.0,0.0,0.0,0.0,0.0,0.0,0.0,0.0,0.0,0.0,0.0,0.0,0.0,0.0,1.0,0.0,0.0,0.0,1.0,0.0,0.0,0.0,0.0,0.0,0.0,0.0,0.0,0.0,0.0,0.0,1.0,0.0,0.0,0.0,0.009340330509324764,0.0,1350.0,0.7407407407407407,7.901377353792616,0.11956378227593899,55.81894599746875,2.398049727622761,55.81894599746875,0,1
Downtown Transit Center,Juneau,58.300164,-134.40846,"[""""CHADEMO""""]",0.0,0.0,1.0,free,PAY_GARAGE,Non-Networked,6.0,31969.0,100513.0,1,AK,2700.0,900.0,10600.0,11132.49502565494,3444.7542179307115,1297.9681053187335,2.0,1357.4824434869724,AK,0,1,0,0,0,0,0,0,0,0,1,0,0,0,0,0,0,0,0,0,0,0,0,0,0,0,1,0,0,0,0,0,0,0,0,0,0,0,0,0,0,0,0,0,0,0,0,0,Other,0,0,0,0,0,0,0,0,0,0,0,0,0,True,0,0,0,0,0,0,0,summer,1.0,0.0,0.0,0.0,0.0,0.0,0.0,0.0,0.0,0.0,0.0,0.0,0.0,0.0,0.0,0.0,0.0,0.0,0.0,0.0,0.0,0.0,0.0,0.0,0.0,0.0,0.0,0.0,0.0,0.0,0.0,0.0,0.0,0.0,0.0,0.0,0.0,0.0,0.0,0.0,0.0,0.0,0.0,0.0,0.0,0.0,0.0,0.0,0.0,0.0,0.0,1.0,0.0,0.0,0.0,0.0,0.0,1.0,0.0,0.0,0.0,0.0,0.0,0.0,1.0,0.0,0.0,0.0,0.0,0.0,0.0,0.0844568175419938,0.0,1350.0,0.7407407407407407,7.901377353792616,0.15712202579227352,678.7412217434862,2.5376049866856127,678.7412217434862,1,0
ReCharge Alaska - Subway,Glennallen,62.1071050754639,-145.527567013995,"[""CHADEMO"",""J1772COMBO""]",0.0,0.0,1.0,$0.43 per minute,PARKING_LOT,Non-Networked,2.0,59843.0,98152.0,1,AK,2700.0,900.0,10600.0,11132.49502565494,3444.7542179307115,1297.9681053187335,2.0,1357.4824434869724,AK,0,1,0,0,0,0,0,0,0,0,1,0,0,0,0,0,0,0,0,0,1,0,0,0,0,0,0,0,0,0,1,0,0,0,0,0,0,0,0,0,0,0,0,0,0,0,0,0,PARKING_LOT,0,0,0,0,0,0,0,0,0,0,0,0,0,False,0,1,0,0,0,0,0,winter,1.0,0.0,0.0,0.0,0.0,0.0,0.0,0.0,0.0,0.0,0.0,0.0,0.0,0.0,0.0,0.0,0.0,0.0,0.0,0.0,0.0,0.0,0.0,0.0,0.0,0.0,0.0,0.0,0.0,0.0,0.0,0.0,0.0,0.0,0.0,0.0,0.0,0.0,0.0,0.0,0.0,0.0,0.0,0.0,0.0,0.0,0.0,0.0,0.0,0.0,0.0,1.0,0.0,0.0,0.0,0.0,0.0,0.0,1.0,0.0,1.0,0.0,0.0,0.0,0.0,0.0,0.0,0.0,0.0,0.0,0.0,0.04511805892084287,0.0,1350.0,0.7407407407407407,7.901377353792616,0.13745264648169805,678.7412217434862,2.5376049866856127,678.7412217434862,1,0
Three Bears Healy,Healy,63.86753849,-149.02304,"[""CHADEMO"",""J1772"",""J1772COMBO""]",0.0,2.0,2.0,,FUEL_RESELLER,Non-Networked,2.0,2029.0,88935.0,1,AK,2700.0,900.0,10600.0,11132.49502565494,3444.7542179307115,1297.9681053187335,2.0,1357.4824434869724,AK,1,1,0,0,0,0,0,0,0,0,1,0,0,0,0,0,0,0,0,0,0,0,0,0,0,0,1,0,0,0,0,0,0,0,0,0,0,0,0,0,0,0,0,0,0,0,0,0,Other,0,0,0,0,0,0,0,0,0,0,0,0,0,True,0,0,0,0,0,0,0,winter,1.0,0.0,0.0,0.0,0.0,0.0,0.0,0.0,0.0,0.0,0.0,0.0,0.0,0.0,0.0,0.0,0.0,0.0,0.0,0.0,0.0,0.0,0.0,0.0,0.0,0.0,0.0,0.0,0.0,0.0,0.0,0.0,0.0,0.0,0.0,0.0,0.0,0.0,0.0,0.0,0.0,0.0,0.0,0.0,0.0,0.0,0.0,0.0,0.0,0.0,0.0,1.0,0.0,0.0,0.0,0.0,0.0,0.0,1.0,0.0,1.0,0.0,0.0,0.0,0.0,0.0,0.0,0.0,0.0,0.0,0.0,1.330704780680138,0.0,1350.0,0.7407407407407407,7.901377353792616,0.7802460073613456,678.7412217434862,2.5376049866856127,678.7412217434862,1,0
MOBILE FEDERAL BLDG EV,Mobile,30.694002,-88.042695,"[""""J1772""""]",0.0,2.0,0.0,,UTILITY,ChargePoint Network,9.0,413162.0,58119.0,1,AL,13000.0,5800.0,63300.0,1286.2287325622337,405.2761048963275,2045.543569750202,2.0,170.7113925244574,AL,1,0,0,0,0,1,0,0,0,0,0,0,0,0,0,0,0,0,0,0,0,0,0,0,0,0,1,0,0,0,0,0,0,0,0,0,0,0,0,0,0,0,0,1,0,0,0,0,Other,0,0,0,0,0,0,0,0,0,0,0,0,0,True,0,0,0,0,0,0,1,fall,0.0,1.0,0.0,0.0,0.0,0.0,0.0,0.0,0.0,0.0,0.0,0.0,0.0,0.0,0.0,0.0,0.0,0.0,0.0,0.0,0.0,0.0,0.0,0.0,0.0,0.0,0.0,0.0,0.0,0.0,0.0,0.0,0.0,0.0,0.0,0.0,0.0,0.0,0.0,0.0,0.0,0.0,0.0,0.0,0.0,0.0,0.0,0.0,0.0,0.0,0.0,1.0,0.0,0.0,0.0,1.0,0.0,0.0,0.0,0.0,0.0,0.0,0.0,0.0,0.0,0.0,0.0,1.0,0.0,0.0,0.0,0.031464655510429325,0.0,6500.0,0.15384615384615385,9.472781556562168,0.189065661088548,85.3556962622287,2.374042522313,85.3556962622287,0,1
MOBILE MARDIGRAS PARK1,Mobile,30.689913,-88.040835,"[""""J1772""""]",0.0,2.0,0.0,,UTILITY,ChargePoint Network,9.0,413162.0,58119.0,1,AL,13000.0,5800.0,63300.0,1286.2287325622337,405.2761048963275,2045.543569750202,2.0,170.7113925244574,AL,1,0,0,0,0,1,0,0,0,0,0,0,0,0,0,0,0,0,0,0,0,0,0,0,0,0,1,0,0,0,0,0,0,0,0,0,0,0,0,0,0,0,0,1,0,0,0,0,Other,0,0,0,0,0,0,0,0,0,0,0,0,0,True,0,0,0,0,0,0,1,fall,0.0,1.0,0.0,0.0,0.0,0.0,0.0,0.0,0.0,0.0,0.0,0.0,0.0,0.0,0.0,0.0,0.0,0.0,0.0,0.0,0.0,0.0,0.0,0.0,0.0,0.0,0.0,0.0,0.0,0.0,0.0,0.0,0.0,0.0,0.0,0.0,0.0,0.0,0.0,0.0,0.0,0.0,0.0,0.0,0.0,0.0,0.0,0.0,0.0,0.0,0.0,1.0,0.0,0.0,0.0,1.0,0.0,0.0,0.0,0.0,0.0,0.0,0.0,0.0,0.0,0.0,0.0,1.0,0.0,0.0,0.0,0.031464655510429325,0.0,6500.0,0.15384615384615385,9.472781556562168,0.189065661088548,85.3556962622287,2.374042522313,85.3556962622287,0,1
MOBILE OLD GAYFERS EV1,Mobile,30.690976,-88.042011,"[""""J1772""""]",0.0,2.0,0.0,,UTILITY,ChargePoint Network,9.0,413162.0,58119.0,1,AL,13000.0,5800.0,63300.0,1286.2287325622337,405.2761048963275,2045.543569750202,2.0,170.7113925244574,AL,1,0,0,0,0,1,0,0,0,0,0,0,0,0,0,0,0,0,0,0,0,0,0,0,0,0,1,0,0,0,0,0,0,0,0,0,0,0,0,0,0,0,0,1,0,0,0,0,Other,0,0,0,0,0,0,0,0,0,0,0,0,0,True,0,0,0,0,0,0,1,fall,0.0,1.0,0.0,0.0,0.0,0.0,0.0,0.0,0.0,0.0,0.0,0.0,0.0,0.0,0.0,0.0,0.0,0.0,0.0,0.0,0.0,0.0,0.0,0.0,0.0,0.0,0.0,0.0,0.0,0.0,0.0,0.0,0.0,0.0,0.0,0.0,0.0,0.0,0.0,0.0,0.0,0.0,0.0,0.0,0.0,0.0,0.0,0.0,0.0,0.0,0.0,1.0,0.0,0.0,0.0,1.0,0.0,0.0,0.0,0.0,0.0,0.0,0.0,0.0,0.0,0.0,0.0,1.0,0.0,0.0,0.0,0.031464655510429325,0.0,6500.0,0.15384615384615385,9.472781556562168,0.189065661088548,85.3556962622287,2.374042522313,85.3556962622287,0,1
MOBILE CRUISE TERMINAL,Mobile,30.687339,-88.037635,"[""""J1772""""]",0.0,2.0,0.0,,UTILITY,ChargePoint Network,9.0,413162.0,58119.0,1,AL,13000.0,5800.0,63300.0,1286.2287325622337,405.2761048963275,2045.543569750202,2.0,170.7113925244574,AL,1,0,0,0,0,1,0,0,0,0,0,0,0,0,0,0,0,0,0,0,0,0,0,0,0,0,1,0,0,0,0,0,0,0,0,0,0,0,0,0,0,0,0,1,0,0,0,0,Other,0,0,0,0,0,0,0,0,0,0,0,0,0,True,0,0,0,0,0,0,1,fall,0.0,1.0,0.0,0.0,0.0,0.0,0.0,0.0,0.0,0.0,0.0,0.0,0.0,0.0,0.0,0.0,0.0,0.0,0.0,0.0,0.0,0.0,0.0,0.0,0.0,0.0,0.0,0.0,0.0,0.0,0.0,0.0,0.0,0.0,0.0,0.0,0.0,0.0,0.0,0.0,0.0,0.0,0.0,0.0,0.0,0.0,0.0,0.0,0.0,0.0,0.0,1.0,0.0,0.0,0.0,1.0,0.0,0.0,0.0,0.0,0.0,0.0,0.0,0.0,0.0,0.0,0.0,1.0,0.0,0.0,0.0,0.031464655510429325,0.0,6500.0,0.15384615384615385,9.472781556562168,0.189065661088548,85.3556962622287,2.374042522313,85.3556962622287,0,1
MOBILE STAPLES PAKE EV,Mobile,30.694012,-88.040908,"[""""J1772""""]",0.0,2.0,0.0,,UTILITY,ChargePoint Network,9.0,413162.0,58119.0,1,AL,13000.0,5800.0,63300.0,1286.2287325622337,405.2761048963275,2045.543569750202,2.0,170.7113925244574,AL,1,0,0,0,0,1,0,0,0,0,0,0,0,0,0,0,0,0,0,0,0,0,0,0,0,0,1,0,0,0,0,0,0,0,0,0,0,0,0,0,0,0,0,1,0,0,0,0,Other,0,0,0,0,0,0,0,0,0,0,0,0,0,True,0,0,0,0,0,0,1,fall,0.0,1.0,0.0,0.0,0.0,0.0,0.0,0.0,0.0,0.0,0.0,0.0,0.0,0.0,0.0,0.0,0.0,0.0,0.0,0.0,0.0,0.0,0.0,0.0,0.0,0.0,0.0,0.0,0.0,0.0,0.0,0.0,0.0,0.0,0.0,0.0,0.0,0.0,0.0,0.0,0.0,0.0,0.0,0.0,0.0,0.0,0.0,0.0,0.0,0.0,0.0,1.0,0.0,0.0,0.0,1.0,0.0,0.0,0.0,0.0,0.0,0.0,0.0,0.0,0.0,0.0,0.0,1.0,0.0,0.0,0.0,0.031464655510429325,0.0,6500.0,0.15384615384615385,9.472781556562168,0.189065661088548,85.3556962622287,2.374042522313,85.3556962622287,0,1
The Crossing at Pine Brook,Mobile,30.6691178,-88.1479947,"[""""J1772""""]",0.0,1.0,0.0,,SHOPPING_CENTER,Blink Network,9.0,413162.0,58119.0,1,AL,13000.0,5800.0,63300.0,1285.0410022416754,407.3004398114925,2045.1630738522551,2.0,171.2757305548598,AL,1,0,0,0,1,0,0,0,0,0,0,0,0,0,0,0,0,0,0,0,0,0,0,0,0,0,1,0,0,0,0,0,0,0,0,0,0,0,1,0,0,0,0,0,0,0,0,0,Other,0,0,0,0,0,0,0,0,0,0,0,0,0,True,0,0,0,0,1,0,0,fall,0.0,1.0,0.0,0.0,0.0,0.0,0.0,0.0,0.0,0.0,0.0,0.0,0.0,0.0,0.0,0.0,0.0,0.0,0.0,0.0,0.0,0.0,0.0,0.0,0.0,0.0,0.0,0.0,0.0,0.0,0.0,0.0,0.0,0.0,0.0,0.0,0.0,0.0,0.0,0.0,0.0,0.0,0.0,0.0,0.0,0.0,0.0,0.0,0.0,0.0,0.0,1.0,0.0,0.0,0.0,1.0,0.0,0.0,0.0,0.0,0.0,0.0,0.0,0.0,0.0,0.0,0.0,1.0,0.0,0.0,0.0,0.031464655510429325,0.0,6500.0,0.15384615384615385,9.472781556562168,0.189065661088548,85.6378652774299,2.3780394250371257,85.6378652774299,0,1
USA CHARGING USA 1,Mobile,30.691622,-88.176386,"[""""J1772""""]",0.0,2.0,0.0,,UTILITY,ChargePoint Network,9.0,413162.0,58119.0,1,AL,13000.0,5800.0,63300.0,1286.2287325622337,405.2761048963275,2045.543569750202,2.0,170.7113925244574,AL,1,0,0,0,0,1,0,0,0,0,0,0,0,0,0,0,0,0,0,0,0,0,0,0,0,0,1,0,0,0,0,0,0,0,0,0,0,0,0,0,0,0,0,1,0,0,0,0,Other,0,0,0,0,0,0,0,0,0,0,0,0,0,True,0,0,0,0,0,0,1,fall,0.0,1.0,0.0,0.0,0.0,0.0,0.0,0.0,0.0,0.0,0.0,0.0,0.0,0.0,0.0,0.0,0.0,0.0,0.0,0.0,0.0,0.0,0.0,0.0,0.0,0.0,0.0,0.0,0.0,0.0,0.0,0.0,0.0,0.0,0.0,0.0,0.0,0.0,0.0,0.0,0.0,0.0,0.0,0.0,0.0,0.0,0.0,0.0,0.0,0.0,0.0,1.0,0.0,0.0,0.0,1.0,0.0,0.0,0.0,0.0,0.0,0.0,0.0,0.0,0.0,0.0,0.0,1.0,0.0,0.0,0.0,0.031464655510429325,0.0,6500.0,0.15384615384615385,9.472781556562168,0.189065661088548,85.3556962622287,2.374042522313,85.3556962622287,0,1
USA CHARGING USA 2,Mobile,30.699733,-88.176943,"[""""J1772""""]",0.0,2.0,0.0,,UTILITY,ChargePoint Network,9.0,413162.0,58119.0,1,AL,13000.0,5800.0,63300.0,1286.2287325622337,405.2761048963275,2045.543569750202,2.0,170.7113925244574,AL,1,0,0,0,0,1,0,0,0,0,0,0,0,0,0,0,0,0,0,0,0,0,0,0,0,0,1,0,0,0,0,0,0,0,0,0,0,0,0,0,0,0,0,1,0,0,0,0,Other,0,0,0,0,0,0,0,0,0,0,0,0,0,True,0,0,0,0,0,0,1,fall,0.0,1.0,0.0,0.0,0.0,0.0,0.0,0.0,0.0,0.0,0.0,0.0,0.0,0.0,0.0,0.0,0.0,0.0,0.0,0.0,0.0,0.0,0.0,0.0,0.0,0.0,0.0,0.0,0.0,0.0,0.0,0.0,0.0,0.0,0.0,0.0,0.0,0.0,0.0,0.0,0.0,0.0,0.0,0.0,0.0,0.0,0.0,0.0,0.0,0.0,0.0,1.0,0.0,0.0,0.0,1.0,0.0,0.0,0.0,0.0,0.0,0.0,0.0,0.0,0.0,0.0,0.0,1.0,0.0,0.0,0.0,0.031464655510429325,0.0,6500.0,0.15384615384615385,9.472781556562168,0.189065661088548,85.3556962622287,2.374042522313,85.3556962622287,0,1
USA CHARGING USA 3,Mobile,30.687231,-88.171885,"[""""J1772""""]",0.0,2.0,0.0,,UTILITY,ChargePoint Network,9.0,413162.0,58119.0,1,AL,13000.0,5800.0,63300.0,1286.2287325622337,405.2761048963275,2045.543569750202,2.0,170.7113925244574,AL,1,0,0,0,0,1,0,0,0,0,0,0,0,0,0,0,0,0,0,0,0,0,0,0,0,0,1,0,0,0,0,0,0,0,0,0,0,0,0,0,0,0,0,1,0,0,0,0,Other,0,0,0,0,0,0,0,0,0,0,0,0,0,True,0,0,0,0,0,0,1,fall,0.0,1.0,0.0,0.0,0.0,0.0,0.0,0.0,0.0,0.0,0.0,0.0,0.0,0.0,0.0,0.0,0.0,0.0,0.0,0.0,0.0,0.0,0.0,0.0,0.0,0.0,0.0,0.0,0.0,0.0,0.0,0.0,0.0,0.0,0.0,0.0,0.0,0.0,0.0,0.0,0.0,0.0,0.0,0.0,0.0,0.0,0.0,0.0,0.0,0.0,0.0,1.0,0.0,0.0,0.0,1.0,0.0,0.0,0.0,0.0,0.0,0.0,0.0,0.0,0.0,0.0,0.0,1.0,0.0,0.0,0.0,0.031464655510429325,0.0,6500.0,0.15384615384615385,9.472781556562168,0.189065661088548,85.3556962622287,2.374042522313,85.3556962622287,0,1
Windsor Place,Mobile,30.6705582493597,-88.1308652325942,"[""""J1772""""]",0.0,1.0,0.0,,SHOPPING_CENTER,Blink Network,9.0,413162.0,58119.0,1,AL,13000.0,5800.0,63300.0,1285.0410022416754,407.3004398114925,2045.1630738522551,2.0,171.2757305548598,AL,1,0,0,0,1,0,0,0,0,0,0,0,0,0,0,0,0,0,0,0,0,0,0,0,0,0,1,0,0,0,0,0,0,0,0,0,0,0,1,0,0,0,0,0,0,0,0,0,Other,0,0,0,0,0,0,0,0,0,0,0,0,0,True,0,0,0,0,1,0,0,fall,0.0,1.0,0.0,0.0,0.0,0.0,0.0,0.0,0.0,0.0,0.0,0.0,0.0,0.0,0.0,0.0,0.0,0.0,0.0,0.0,0.0,0.0,0.0,0.0,0.0,0.0,0.0,0.0,0.0,0.0,0.0,0.0,0.0,0.0,0.0,0.0,0.0,0.0,0.0,0.0,0.0,0.0,0.0,0.0,0.0,0.0,0.0,0.0,0.0,0.0,0.0,1.0,0.0,0.0,0.0,1.0,0.0,0.0,0.0,0.0,0.0,0.0,0.0,0.0,0.0,0.0,0.0,1.0,0.0,0.0,0.0,0.031464655510429325,0.0,6500.0,0.15384615384615385,9.472781556562168,0.189065661088548,85.6378652774299,2.3780394250371257,85.6378652774299,0,1
Yester Oaks,Mobile,30.6802107059377,-88.134762242617,"[""""J1772""""]",0.0,1.0,0.0,,SHOPPING_CENTER,Blink Network,9.0,413162.0,58119.0,1,AL,13000.0,5800.0,63300.0,1285.0410022416754,407.3004398114925,2045.1630738522551,2.0,171.2757305548598,AL,1,0,0,0,1,0,0,0,0,0,0,0,0,0,0,0,0,0,0,0,0,0,0,0,0,0,1,0,0,0,0,0,0,0,0,0,0,0,1,0,0,0,0,0,0,0,0,0,Other,0,0,0,0,0,0,0,0,0,0,0,0,0,True,0,0,0,0,1,0,0,fall,0.0,1.0,0.0,0.0,0.0,0.0,0.0,0.0,0.0,0.0,0.0,0.0,0.0,0.0,0.0,0.0,0.0,0.0,0.0,0.0,0.0,0.0,0.0,0.0,0.0,0.0,0.0,0.0,0.0,0.0,0.0,0.0,0.0,0.0,0.0,0.0,0.0,0.0,0.0,0.0,0.0,0.0,0.0,0.0,0.0,0.0,0.0,0.0,0.0,0.0,0.0,1.0,0.0,0.0,0.0,1.0,0.0,0.0,0.0,0.0,0.0,0.0,0.0,0.0,0.0,0.0,0.0,1.0,0.0,0.0,0.0,0.031464655510429325,0.0,6500.0,0.15384615384615385,9.472781556562168,0.189065661088548,85.6378652774299,2.3780394250371257,85.6378652774299,0,1
City of Montevallo Public Parking Lot,Montevallo,33.099485237896,-86.864155628836,"[""""J1772""""]",0.0,2.0,0.0,,RESTAURANT,Blink Network,9.0,22152.0,51215.0,1,AL,13000.0,5800.0,63300.0,1595.5782024162254,802.9903124526334,4191.8895938696605,2.0,173.6995458152052,AL,1,0,0,0,1,0,0,0,0,0,0,0,0,0,0,0,0,0,0,0,0,0,0,0,0,0,1,0,0,0,0,0,0,0,0,0,0,0,0,0,1,0,0,0,0,0,0,0,Other,0,0,0,0,0,0,0,0,0,0,0,0,0,True,0,0,0,1,0,0,0,fall,0.0,1.0,0.0,0.0,0.0,0.0,0.0,0.0,0.0,0.0,0.0,0.0,0.0,0.0,0.0,0.0,0.0,0.0,0.0,0.0,0.0,0.0,0.0,0.0,0.0,0.0,0.0,0.0,0.0,0.0,0.0,0.0,0.0,0.0,0.0,0.0,0.0,0.0,0.0,0.0,0.0,0.0,0.0,0.0,0.0,0.0,0.0,0.0,0.0,0.0,0.0,1.0,0.0,0.0,0.0,1.0,0.0,0.0,0.0,0.0,0.0,0.0,0.0,0.0,0.0,0.0,0.0,1.0,0.0,0.0,0.0,0.5868544600938967,0.0,6500.0,0.15384615384615385,9.472781556562168,0.4667605633802817,86.8497729076026,4.622869384511319,86.8497729076026,0,1
MOBILE ST LOUIS ST EV1,Mobile,30.695141,-88.040711,"[""""J1772""""]",0.0,2.0,0.0,,UTILITY,ChargePoint Network,9.0,413162.0,58119.0,1,AL,13000.0,5800.0,63300.0,1286.2287325622337,405.2761048963275,2045.543569750202,2.0,170.7113925244574,AL,1,0,0,0,0,1,0,0,0,0,0,0,0,0,0,0,0,0,0,0,0,0,0,0,0,0,1,0,0,0,0,0,0,0,0,0,0,0,0,0,0,0,0,1,0,0,0,0,Other,0,0,0,0,0,0,0,0,0,0,0,0,0,True,0,0,0,0,0,0,1,fall,0.0,1.0,0.0,0.0,0.0,0.0,0.0,0.0,0.0,0.0,0.0,0.0,0.0,0.0,0.0,0.0,0.0,0.0,0.0,0.0,0.0,0.0,0.0,0.0,0.0,0.0,0.0,0.0,0.0,0.0,0.0,0.0,0.0,0.0,0.0,0.0,0.0,0.0,0.0,0.0,0.0,0.0,0.0,0.0,0.0,0.0,0.0,0.0,0.0,0.0,0.0,1.0,0.0,0.0,0.0,1.0,0.0,0.0,0.0,0.0,0.0,0.0,0.0,0.0,0.0,0.0,0.0,1.0,0.0,0.0,0.0,0.031464655510429325,0.0,6500.0,0.15384615384615385,9.472781556562168,0.189065661088548,85.3556962622287,2.374042522313,85.3556962622287,0,1
Alabama Power - Montgomery Southern Division Complex D,Montgomery,32.409057,-86.259364,"[""""J1772""""]",0.0,3.0,0.0,,UTILITY,Non-Networked,11.0,227197.0,58153.0,1,AL,13000.0,5800.0,63300.0,1305.1662683713216,404.39890141591985,2041.6033111534584,2.0,170.6900237483158,AL,1,0,0,0,0,0,0,0,0,0,1,0,0,0,0,0,0,0,0,0,0,0,0,0,0,0,1,0,0,0,0,0,0,0,0,0,0,0,0,0,0,0,0,1,0,0,0,0,UTILITY,0,0,0,0,0,0,0,0,0,0,0,0,0,False,0,0,0,0,0,0,1,fall,0.0,1.0,0.0,0.0,0.0,0.0,0.0,0.0,0.0,0.0,0.0,0.0,0.0,0.0,0.0,0.0,0.0,0.0,0.0,0.0,0.0,0.0,0.0,0.0,0.0,0.0,0.0,0.0,0.0,0.0,0.0,0.0,0.0,0.0,0.0,0.0,0.0,0.0,0.0,0.0,0.0,0.0,0.0,0.0,0.0,0.0,0.0,0.0,0.0,0.0,0.0,1.0,0.0,0.0,0.0,1.0,0.0,0.0,0.0,0.0,0.0,0.0,0.0,0.0,0.0,0.0,0.0,0.0,0.0,1.0,0.0,0.05721906539258881,0.0,6500.0,0.15384615384615385,9.472781556562168,0.20194286602962774,85.3450118741579,2.369200569168648,85.3450118741579,0,1
City of Montevallo Public Parking Lot,Montevallo,33.099485237896,-86.864155628836,"[""""J1772""""]",0.0,2.0,0.0,,RESTAURANT,Blink Network,9.0,226955.0,93543.0,1,AL,13000.0,5800.0,63300.0,1184.727037123112,375.06176474399876,1860.1872187058768,2.0,162.9923397689942,AL,1,0,0,0,1,0,0,0,0,0,0,0,0,0,0,0,0,0,0,0,0,0,0,0,0,0,1,0,0,0,0,0,0,0,0,0,0,0,0,0,1,0,0,0,0,0,0,0,Other,0,0,0,0,0,0,0,0,0,0,0,0,0,True,0,0,0,1,0,0,0,fall,0.0,1.0,0.0,0.0,0.0,0.0,0.0,0.0,0.0,0.0,0.0,0.0,0.0,0.0,0.0,0.0,0.0,0.0,0.0,0.0,0.0,0.0,0.0,0.0,0.0,0.0,0.0,0.0,0.0,0.0,0.0,0.0,0.0,0.0,0.0,0.0,0.0,0.0,0.0,0.0,0.0,0.0,0.0,0.0,0.0,0.0,0.0,0.0,0.0,0.0,0.0,1.0,0.0,0.0,0.0,1.0,0.0,0.0,0.0,0.0,0.0,0.0,0.0,0.0,0.0,0.0,0.0,1.0,0.0,0.0,0.0,0.05728007754841268,0.0,6500.0,0.15384615384615385,9.472781556562168,0.20197337210753968,81.4961698844971,2.301100562612736,81.4961698844971,0,1
City of Montevallo/ Public Parking,Montevallo,33.1047767262616,-86.8586109288359,"[""""J1772""""]",0.0,2.0,0.0,,RESTAURANT,Blink Network,9.0,22152.0,51215.0,1,AL,13000.0,5800.0,63300.0,1595.5782024162254,802.9903124526334,4191.8895938696605,2.0,173.6995458152052,AL,1,0,0,0,1,0,0,0,0,0,0,0,0,0,0,0,0,0,0,0,0,0,0,0,0,0,1,0,0,0,0,0,0,0,0,0,0,0,0,0,1,0,0,0,0,0,0,0,Other,0,0,0,0,0,0,0,0,0,0,0,0,0,True,0,0,0,1,0,0,0,fall,0.0,1.0,0.0,0.0,0.0,0.0,0.0,0.0,0.0,0.0,0.0,0.0,0.0,0.0,0.0,0.0,0.0,0.0,0.0,0.0,0.0,0.0,0.0,0.0,0.0,0.0,0.0,0.0,0.0,0.0,0.0,0.0,0.0,0.0,0.0,0.0,0.0,0.0,0.0,0.0,0.0,0.0,0.0,0.0,0.0,0.0,0.0,0.0,0.0,0.0,0.0,1.0,0.0,0.0,0.0,1.0,0.0,0.0,0.0,0.0,0.0,0.0,0.0,0.0,0.0,0.0,0.0,1.0,0.0,0.0,0.0,0.5868544600938967,0.0,6500.0,0.15384615384615385,9.472781556562168,0.4667605633802817,86.8497729076026,4.622869384511319,86.8497729076026,0,1
City of Montevallo/ Public Parking,Montevallo,33.1047767262616,-86.8586109288359,"[""""J1772""""]",0.0,2.0,0.0,,RESTAURANT,Blink Network,9.0,45500.0,61873.0,1,AL,13000.0,5800.0,63300.0,1214.5003632075518,405.5899235907442,2041.4298013775237,2.0,171.3360966242776,AL,1,0,0,0,1,0,0,0,0,0,0,0,0,0,0,0,0,0,0,0,0,0,0,0,0,0,1,0,0,0,0,0,0,0,0,0,0,0,0,0,1,0,0,0,0,0,0,0,Other,0,0,0,0,0,0,0,0,0,0,0,0,0,True,0,0,0,1,0,0,0,fall,0.0,1.0,0.0,0.0,0.0,0.0,0.0,0.0,0.0,0.0,0.0,0.0,0.0,0.0,0.0,0.0,0.0,0.0,0.0,0.0,0.0,0.0,0.0,0.0,0.0,0.0,0.0,0.0,0.0,0.0,0.0,0.0,0.0,0.0,0.0,0.0,0.0,0.0,0.0,0.0,0.0,0.0,0.0,0.0,0.0,0.0,0.0,0.0,0.0,0.0,0.0,1.0,0.0,0.0,0.0,1.0,0.0,0.0,0.0,0.0,0.0,0.0,0.0,0.0,0.0,0.0,0.0,1.0,0.0,0.0,0.0,0.2857142857142857,0.0,6500.0,0.15384615384615385,9.472781556562168,0.3161904761904762,85.6680483121388,2.3672181845029487,85.6680483121388,0,1
City of Montevallo/ Public Parking,Montevallo,33.1047767262616,-86.8586109288359,"[""""J1772""""]",0.0,2.0,0.0,,RESTAURANT,Blink Network,9.0,226955.0,93543.0,1,AL,13000.0,5800.0,63300.0,1184.727037123112,375.06176474399876,1860.1872187058768,2.0,162.9923397689942,AL,1,0,0,0,1,0,0,0,0,0,0,0,0,0,0,0,0,0,0,0,0,0,0,0,0,0,1,0,0,0,0,0,0,0,0,0,0,0,0,0,1,0,0,0,0,0,0,0,Other,0,0,0,0,0,0,0,0,0,0,0,0,0,True,0,0,0,1,0,0,0,fall,0.0,1.0,0.0,0.0,0.0,0.0,0.0,0.0,0.0,0.0,0.0,0.0,0.0,0.0,0.0,0.0,0.0,0.0,0.0,0.0,0.0,0.0,0.0,0.0,0.0,0.0,0.0,0.0,0.0,0.0,0.0,0.0,0.0,0.0,0.0,0.0,0.0,0.0,0.0,0.0,0.0,0.0,0.0,0.0,0.0,0.0,0.0,0.0,0.0,0.0,0.0,1.0,0.0,0.0,0.0,1.0,0.0,0.0,0.0,0.0,0.0,0.0,0.0,0.0,0.0,0.0,0.0,1.0,0.0,0.0,0.0,0.05728007754841268,0.0,6500.0,0.15384615384615385,9.472781556562168,0.20197337210753968,81.4961698844971,2.301100562612736,81.4961698844971,0,1
Alabama Power - Dexter Ave. Building,Montgomery,32.37711,-86.30556,"[""J1772"",""TESLA""]",0.0,7.0,0.0,free,UTILITY,Non-Networked,11.0,227197.0,58153.0,1,AL,13000.0,5800.0,63300.0,1479.8797781330068,404.39890141591985,2041.6033111534584,2.0,170.6900237483158,AL,1,0,1,0,0,0,0,0,0,0,1,0,0,0,0,0,0,0,0,0,0,0,0,0,0,0,1,0,0,0,0,0,0,0,0,0,0,0,0,0,0,0,0,1,0,0,0,0,UTILITY,0,0,0,0,0,0,0,0,0,0,0,0,0,False,0,0,0,0,0,0,1,fall,0.0,1.0,0.0,0.0,0.0,0.0,0.0,0.0,0.0,0.0,0.0,0.0,0.0,0.0,0.0,0.0,0.0,0.0,0.0,0.0,0.0,0.0,0.0,0.0,0.0,0.0,0.0,0.0,0.0,0.0,0.0,0.0,0.0,0.0,0.0,0.0,0.0,0.0,0.0,0.0,0.0,0.0,0.0,0.0,0.0,0.0,0.0,0.0,0.0,0.0,0.0,1.0,0.0,0.0,0.0,1.0,0.0,0.0,0.0,0.0,0.0,0.0,0.0,0.0,0.0,0.0,0.0,0.0,0.0,1.0,0.0,0.05721906539258881,0.0,6500.0,0.15384615384615385,9.472781556562168,0.20194286602962774,85.3450118741579,2.369200569168648,85.3450118741579,0,1
Alabama Power - Montgomery Crew Headquarters,Montgomery,32.40313,-86.229088,"[""""J1772""""]",0.0,4.0,0.0,,UTILITY,Non-Networked,11.0,227197.0,58153.0,1,AL,13000.0,5800.0,63300.0,1488.3005372293708,404.39890141591985,2041.6033111534584,2.0,170.6900237483158,AL,1,0,0,0,0,0,0,0,0,0,1,0,0,0,0,0,0,0,0,0,0,0,0,0,0,0,1,0,0,0,0,0,0,0,0,0,0,0,0,0,0,0,0,1,0,0,0,0,UTILITY,0,0,0,0,0,0,0,0,0,0,0,0,0,False,0,0,0,0,0,0,1,fall,0.0,1.0,0.0,0.0,0.0,0.0,0.0,0.0,0.0,0.0,0.0,0.0,0.0,0.0,0.0,0.0,0.0,0.0,0.0,0.0,0.0,0.0,0.0,0.0,0.0,0.0,0.0,0.0,0.0,0.0,0.0,0.0,0.0,0.0,0.0,0.0,0.0,0.0,0.0,0.0,0.0,0.0,0.0,0.0,0.0,0.0,0.0,0.0,0.0,0.0,0.0,1.0,0.0,0.0,0.0,1.0,0.0,0.0,0.0,0.0,0.0,0.0,0.0,0.0,0.0,0.0,0.0,0.0,0.0,1.0,0.0,0.05721906539258881,0.0,6500.0,0.15384615384615385,9.472781556562168,0.20194286602962774,85.3450118741579,2.369200569168648,85.3450118741579,0,1
Best Western Montgomery I-85 North Hotel - Tesla Destination,Montgomery,32.361141,-86.216841,"[""""TESLA""""]",0.0,2.0,0.0,free,HOTEL,Tesla Destination,7.0,227197.0,58153.0,1,AL,13000.0,5800.0,63300.0,1305.1662683713216,404.39890141591985,2041.6033111534584,2.0,170.6900237483158,AL,0,0,1,0,0,0,0,0,0,0,0,0,0,0,0,0,1,0,0,0,0,0,0,0,0,0,1,0,1,0,0,0,0,0,0,0,0,0,0,0,0,0,0,0,0,0,0,0,HOTEL,0,0,0,0,0,0,0,1,0,0,0,0,0,False,0,0,0,0,0,0,0,summer,0.0,1.0,0.0,0.0,0.0,0.0,0.0,0.0,0.0,0.0,0.0,0.0,0.0,0.0,0.0,0.0,0.0,0.0,0.0,0.0,0.0,0.0,0.0,0.0,0.0,0.0,0.0,0.0,0.0,0.0,0.0,0.0,0.0,0.0,0.0,0.0,0.0,0.0,0.0,0.0,0.0,0.0,0.0,0.0,0.0,0.0,0.0,0.0,0.0,0.0,0.0,1.0,0.0,0.0,0.0,0.0,0.0,1.0,0.0,0.0,0.0,0.0,0.0,0.0,0.0,1.0,0.0,0.0,0.0,0.0,0.0,0.05721906539258881,0.0,6500.0,0.15384615384615385,9.472781556562168,0.20194286602962774,85.3450118741579,2.369200569168648,85.3450118741579,0,1
Downtown Montgomery,Montgomery,32.380375,-86.312241,"[""""J1772""""]",0.0,1.0,0.0,free,MUNI_GOV,Non-Networked,9.0,227197.0,58153.0,1,AL,13000.0,5800.0,63300.0,1302.2346598040901,406.4709147632429,2041.1746170744755,2.0,171.234019095438,AL,1,0,0,0,0,0,0,0,0,0,1,0,0,0,0,0,0,0,0,0,0,0,0,0,0,0,1,0,0,0,0,0,0,0,0,1,0,0,0,0,0,0,0,0,0,0,0,0,MUNI_GOV,0,0,0,0,0,0,0,0,0,0,1,0,0,False,0,0,0,0,0,0,0,fall,0.0,1.0,0.0,0.0,0.0,0.0,0.0,0.0,0.0,0.0,0.0,0.0,0.0,0.0,0.0,0.0,0.0,0.0,0.0,0.0,0.0,0.0,0.0,0.0,0.0,0.0,0.0,0.0,0.0,0.0,0.0,0.0,0.0,0.0,0.0,0.0,0.0,0.0,0.0,0.0,0.0,0.0,0.0,0.0,0.0,0.0,0.0,0.0,0.0,0.0,0.0,1.0,0.0,0.0,0.0,1.0,0.0,0.0,0.0,0.0,0.0,0.0,0.0,0.0,0.0,0.0,0.0,1.0,0.0,0.0,0.0,0.05721906539258881,0.0,6500.0,0.15384615384615385,9.472781556562168,0.20194286602962774,85.617009547719,2.3737743055408553,85.617009547719,0,1
FPC Montgomery,Montgomery,32.379119,-86.36256,"[""""NEMA515""""]",1.0,0.0,0.0,free,FED_GOV,Non-Networked,7.0,227197.0,58153.0,1,AL,13000.0,5800.0,63300.0,1302.2346598040901,406.4566388500023,2040.809698089711,2.0,171.71553008677142,AL,1,0,0,0,0,0,0,0,0,0,1,0,0,0,0,0,0,0,0,0,0,0,0,0,0,0,1,0,0,0,0,0,0,0,0,0,0,0,0,1,0,0,0,0,0,0,0,0,FED_GOV,0,0,0,1,0,0,0,0,0,0,0,0,0,False,0,0,0,0,0,0,0,summer,0.0,1.0,0.0,0.0,0.0,0.0,0.0,0.0,0.0,0.0,0.0,0.0,0.0,0.0,0.0,0.0,0.0,0.0,0.0,0.0,0.0,0.0,0.0,0.0,0.0,0.0,0.0,0.0,0.0,0.0,0.0,0.0,0.0,0.0,0.0,0.0,0.0,0.0,0.0,0.0,0.0,0.0,0.0,0.0,0.0,0.0,0.0,0.0,0.0,0.0,0.0,1.0,0.0,0.0,0.0,0.0,0.0,1.0,0.0,0.0,0.0,0.0,0.0,0.0,0.0,1.0,0.0,0.0,0.0,0.0,0.0,0.05721906539258881,0.0,6500.0,0.15384615384615385,9.472781556562168,0.20194286602962774,85.85776504338571,2.3670348199991658,85.85776504338571,0,1
Fairfield Inn & Suites Montgomery-EastChase Parkway - Tesla Destination,Montgomery,32.363172,-86.140551,"[""J1772"",""TESLA""]",0.0,4.0,0.0,free,HOTEL,Tesla Destination,7.0,227197.0,58153.0,1,AL,13000.0,5800.0,63300.0,1488.3005372293708,404.39890141591985,2041.6033111534584,2.0,170.6900237483158,AL,1,0,1,0,0,0,0,0,0,0,0,0,0,0,0,0,1,0,0,0,0,0,0,0,0,0,1,0,1,0,0,0,0,0,0,0,0,0,0,0,0,0,0,0,0,0,0,0,HOTEL,0,0,0,0,0,0,0,1,0,0,0,0,0,False,0,0,0,0,0,0,0,summer,0.0,1.0,0.0,0.0,0.0,0.0,0.0,0.0,0.0,0.0,0.0,0.0,0.0,0.0,0.0,0.0,0.0,0.0,0.0,0.0,0.0,0.0,0.0,0.0,0.0,0.0,0.0,0.0,0.0,0.0,0.0,0.0,0.0,0.0,0.0,0.0,0.0,0.0,0.0,0.0,0.0,0.0,0.0,0.0,0.0,0.0,0.0,0.0,0.0,0.0,0.0,1.0,0.0,0.0,0.0,0.0,0.0,1.0,0.0,0.0,0.0,0.0,0.0,0.0,0.0,1.0,0.0,0.0,0.0,0.0,0.0,0.05721906539258881,0.0,6500.0,0.15384615384615385,9.472781556562168,0.20194286602962774,85.3450118741579,2.369200569168648,85.3450118741579,0,1
Hilton Garden Inn Montgomery - EastChase - Tesla Destination,Montgomery,32.361294,-86.158811,"[""""TESLA""""]",0.0,2.0,0.0,free,HOTEL,Tesla Destination,7.0,227197.0,58153.0,1,AL,13000.0,5800.0,63300.0,1305.1662683713216,404.39890141591985,2041.6033111534584,2.0,170.6900237483158,AL,0,0,1,0,0,0,0,0,0,0,0,0,0,0,0,0,1,0,0,0,0,0,0,0,0,0,1,0,1,0,0,0,0,0,0,0,0,0,0,0,0,0,0,0,0,0,0,0,Other,0,0,0,0,0,0,0,1,0,0,0,0,0,True,0,0,0,0,0,0,0,summer,0.0,1.0,0.0,0.0,0.0,0.0,0.0,0.0,0.0,0.0,0.0,0.0,0.0,0.0,0.0,0.0,0.0,0.0,0.0,0.0,0.0,0.0,0.0,0.0,0.0,0.0,0.0,0.0,0.0,0.0,0.0,0.0,0.0,0.0,0.0,0.0,0.0,0.0,0.0,0.0,0.0,0.0,0.0,0.0,0.0,0.0,0.0,0.0,0.0,0.0,0.0,1.0,0.0,0.0,0.0,0.0,0.0,1.0,0.0,0.0,0.0,0.0,0.0,0.0,0.0,1.0,0.0,0.0,0.0,0.0,0.0,0.05721906539258881,0.0,6500.0,0.15384615384615385,9.472781556562168,0.20194286602962774,85.3450118741579,2.369200569168648,85.3450118741579,0,1
MOBILE CATHEDRAL SQ 1,Mobile,30.690555,-88.044725,"[""""J1772""""]",0.0,2.0,0.0,,UTILITY,ChargePoint Network,9.0,413162.0,58119.0,1,AL,13000.0,5800.0,63300.0,1286.2287325622337,405.2761048963275,2045.543569750202,2.0,170.7113925244574,AL,1,0,0,0,0,1,0,0,0,0,0,0,0,0,0,0,0,0,0,0,0,0,0,0,0,0,1,0,0,0,0,0,0,0,0,0,0,0,0,0,0,0,0,1,0,0,0,0,Other,0,0,0,0,0,0,0,0,0,0,0,0,0,True,0,0,0,0,0,0,1,fall,0.0,1.0,0.0,0.0,0.0,0.0,0.0,0.0,0.0,0.0,0.0,0.0,0.0,0.0,0.0,0.0,0.0,0.0,0.0,0.0,0.0,0.0,0.0,0.0,0.0,0.0,0.0,0.0,0.0,0.0,0.0,0.0,0.0,0.0,0.0,0.0,0.0,0.0,0.0,0.0,0.0,0.0,0.0,0.0,0.0,0.0,0.0,0.0,0.0,0.0,0.0,1.0,0.0,0.0,0.0,1.0,0.0,0.0,0.0,0.0,0.0,0.0,0.0,0.0,0.0,0.0,0.0,1.0,0.0,0.0,0.0,0.031464655510429325,0.0,6500.0,0.15384615384615385,9.472781556562168,0.189065661088548,85.3556962622287,2.374042522313,85.3556962622287,0,1
Jack Ingram Motors,Montgomery,32.376832,-86.208559,"[""""J1772""""]",0.0,1.0,0.0,free,CAR_DEALER,Non-Networked,2.0,227197.0,58153.0,1,AL,13000.0,5800.0,63300.0,1302.2346598040901,406.4709147632429,2041.1746170744755,2.0,171.234019095438,AL,1,0,0,0,0,0,0,0,0,0,1,0,0,0,0,0,0,0,0,0,0,0,0,0,0,0,1,0,0,1,0,0,0,0,0,0,0,0,0,0,0,0,0,0,0,0,0,0,CAR_DEALER,0,1,0,0,0,0,0,0,0,0,0,0,0,False,0,0,0,0,0,0,0,winter,0.0,1.0,0.0,0.0,0.0,0.0,0.0,0.0,0.0,0.0,0.0,0.0,0.0,0.0,0.0,0.0,0.0,0.0,0.0,0.0,0.0,0.0,0.0,0.0,0.0,0.0,0.0,0.0,0.0,0.0,0.0,0.0,0.0,0.0,0.0,0.0,0.0,0.0,0.0,0.0,0.0,0.0,0.0,0.0,0.0,0.0,0.0,0.0,0.0,0.0,0.0,1.0,0.0,0.0,0.0,0.0,0.0,0.0,1.0,0.0,1.0,0.0,0.0,0.0,0.0,0.0,0.0,0.0,0.0,0.0,0.0,0.05721906539258881,0.0,6500.0,0.15384615384615385,9.472781556562168,0.20194286602962774,85.617009547719,2.3737743055408553,85.617009547719,0,1
City of Montevallo Public Parking Lot,Montevallo,33.099485237896,-86.864155628836,"[""""J1772""""]",0.0,2.0,0.0,,RESTAURANT,Blink Network,9.0,45500.0,61873.0,1,AL,13000.0,5800.0,63300.0,1214.5003632075518,405.5899235907442,2041.4298013775237,2.0,171.3360966242776,AL,1,0,0,0,1,0,0,0,0,0,0,0,0,0,0,0,0,0,0,0,0,0,0,0,0,0,1,0,0,0,0,0,0,0,0,0,0,0,0,0,1,0,0,0,0,0,0,0,Other,0,0,0,0,0,0,0,0,0,0,0,0,0,True,0,0,0,1,0,0,0,fall,0.0,1.0,0.0,0.0,0.0,0.0,0.0,0.0,0.0,0.0,0.0,0.0,0.0,0.0,0.0,0.0,0.0,0.0,0.0,0.0,0.0,0.0,0.0,0.0,0.0,0.0,0.0,0.0,0.0,0.0,0.0,0.0,0.0,0.0,0.0,0.0,0.0,0.0,0.0,0.0,0.0,0.0,0.0,0.0,0.0,0.0,0.0,0.0,0.0,0.0,0.0,1.0,0.0,0.0,0.0,1.0,0.0,0.0,0.0,0.0,0.0,0.0,0.0,0.0,0.0,0.0,0.0,1.0,0.0,0.0,0.0,0.2857142857142857,0.0,6500.0,0.15384615384615385,9.472781556562168,0.3161904761904762,85.6680483121388,2.3672181845029487,85.6680483121388,0,1
MOBILE BUICK BLDG EV1,Mobile,30.692427,-88.048753,"[""""J1772""""]",0.0,2.0,0.0,,UTILITY,ChargePoint Network,9.0,413162.0,58119.0,1,AL,13000.0,5800.0,63300.0,1286.2287325622337,405.2761048963275,2045.543569750202,2.0,170.7113925244574,AL,1,0,0,0,0,1,0,0,0,0,0,0,0,0,0,0,0,0,0,0,0,0,0,0,0,0,1,0,0,0,0,0,0,0,0,0,0,0,0,0,0,0,0,1,0,0,0,0,Other,0,0,0,0,0,0,0,0,0,0,0,0,0,True,0,0,0,0,0,0,1,fall,0.0,1.0,0.0,0.0,0.0,0.0,0.0,0.0,0.0,0.0,0.0,0.0,0.0,0.0,0.0,0.0,0.0,0.0,0.0,0.0,0.0,0.0,0.0,0.0,0.0,0.0,0.0,0.0,0.0,0.0,0.0,0.0,0.0,0.0,0.0,0.0,0.0,0.0,0.0,0.0,0.0,0.0,0.0,0.0,0.0,0.0,0.0,0.0,0.0,0.0,0.0,1.0,0.0,0.0,0.0,1.0,0.0,0.0,0.0,0.0,0.0,0.0,0.0,0.0,0.0,0.0,0.0,1.0,0.0,0.0,0.0,0.031464655510429325,0.0,6500.0,0.15384615384615385,9.472781556562168,0.189065661088548,85.3556962622287,2.374042522313,85.3556962622287,0,1
